omega,forcing_amp,forcing_direction,output,harmonic,signal_amp,signal_amp_ci_low,signal_amp_ci_high,noise,noise_ci_low,noise_ci_high,snr,snr_ci_low,snr_ci_high,hotelling_T2,hotelling_F,hotelling_p,raw_forced_target_amp,raw_forced_target_amp_ci_low,raw_forced_target_amp_ci_high,ellipse_center_cos,ellipse_center_sin,ellipse_axis_major,ellipse_axis_minor,ellipse_angle_rad
6.62679700366597,0.001,x,x,1,0.4602768533866495,0.3966585324782813,0.5310244504327656,0.5165861527560094,0.5030698787736377,0.530645952304793,0.9003765326337381,0.7698560630087183,1.0335246206782565,0.19520543654096842,0.09605346877412732,0.9085503563517855,0.46027685338664964,0.3967201081864288,0.5295206681669788,-0.010020658763821993,0.01834568563448752,0.1271043508316238,0.1120496243816072,2.80610442816261
6.62679700366597,0.001,x,x,2,0.20759393063647788,0.18359407819078324,0.23113668372866156,0.20576803548715616,0.20032297173365285,0.21130065263712774,1.0220973841477132,0.8971116537500041,1.1467316613788638,0.8098255121119867,0.3984855694519299,0.6730429270132259,0.20759393063647788,0.183111270512871,0.23073832879215114,0.005537525105813059,0.016409446596638736,0.05558113526212932,0.04712578868389424,2.3276745687962324
6.62679700366597,0.001,x,x,3,0.0638385831344665,0.056637910235833984,0.07201925201725394,0.06482462151058183,0.06304784942811134,0.06671049348680463,0.9973777917706039,0.8695936903002784,1.1213555654924123,3.058785947166828,1.5051168946376456,0.22998992474871516,0.06383858313446648,0.056128561431097075,0.07126063939455503,-0.01047288476358793,0.005895129114126505,0.01763911444275285,0.01384788134070295,2.4043812936299664
6.62679700366597,0.001,x,x,4,0.02174871674602557,0.018944830016496918,0.02458717286492468,0.021377997608823023,0.02080138611530025,0.021905189260395537,1.0197795348242853,0.8970161161639992,1.151254808142165,3.7839960180729006,1.8619662946073003,0.16395044011347415,0.021748716746025548,0.019081510688048562,0.024690729526809757,-0.004260663336362796,-0.0010458985717924324,0.005926887521924762,0.004939574367670556,-2.458899757878467
6.62679700366597,0.001,x,y,1,0.5534516388971347,0.4749473412339985,0.632946233088729,0.6189281890341689,0.6024622099732722,0.6346541786667437,0.9030363894700009,0.7740175472363703,1.0323337108789041,0.21023139035181665,0.10344719207787803,0.9018789468954749,0.5534516388971347,0.47220291742911735,0.6359249982332965,0.006495506548937698,0.02467352452669973,0.152449477863917,0.13497418456245816,2.232271804940719
6.62679700366597,0.001,x,y,2,0.34411266199269513,0.30613003306190884,0.38639674702759097,0.3412775139347744,0.331868942235126,0.3506738162487171,1.022552748613409,0.9053070475058168,1.1474863468263252,1.0755539392871087,0.5292408272682598,0.5916891178861481,0.3441126619926953,0.3058122408285678,0.38634829733691856,0.03163449241629517,0.008644932965034675,0.09225159359978291,0.07808178764832456,1.4225019945317792
6.62679700366597,0.001,x,y,3,0.13942143306910265,0.1222680596388597,0.15761390417179447,0.14228763738953287,0.13830236153618708,0.1462398958083674,0.9880306683186454,0.8649678715440351,1.1240714772706053,2.957888794896152,1.4554690895520748,0.2411503535360331,0.13942143306910265,0.12213159566929958,0.15725391115313875,0.005578228788998617,0.026077664666221835,0.0392231078725086,0.029929257384812093,1.3215138997735298
6.62679700366597,0.001,x,y,4,0.05684407465942018,0.04960997944823141,0.06426940400861482,0.05891412297359179,0.057486783334945384,0.060215662691968735,0.9653918506804082,0.8401035242907811,1.0950008296999145,2.6607648268095065,1.3092652322395983,0.2773786188413445,0.05684407465942019,0.049782445444863474,0.06396506186036961,-0.0027257884659719037,0.009397269161315317,0.015400404273567671,0.013026853903977289,2.137096235562308
6.62679700366597,0.001,x,z,1,0.5140034632590074,0.4587762707052773,0.5750980414341034,0.5225178458313091,0.5094823267977897,0.5356588055595982,0.9900331732941254,0.8819093358123015,1.094300952432264,1.161111641596133,0.5713406490393669,0.5677128941253959,0.5140034632590071,0.4546536041547756,0.5789674290290816,-0.005153483341651671,-0.05095300585161417,0.13499036638480363,0.11955348805383766,-3.024549295364107
6.62679700366597,0.001,x,z,2,0.22300590881792576,0.19610119338493995,0.24936314062163112,0.23246081992115986,0.22759955042176,0.23721256388127565,0.966933361634323,0.851655704818057,1.0909627871705156,1.5261500456436399,0.7509627208722672,0.4761553503839353,0.22300590881792592,0.19704157821080256,0.2513827175542303,-0.01839676418772425,-0.019268709120644552,0.059424874530714884,0.05192025204260056,3.057481936527141
6.62679700366597,0.001,x,z,3,0.146713497102249,0.12962435332363886,0.16447742599957035,0.14069106189307218,0.1371419341226789,0.14452607032726006,1.0724133359192214,0.9444766625009228,1.2075181590252182,12.84261063670877,6.319379837110665,0.0031786707542987847,0.14671349710224957,0.1301280825290228,0.16382105852049134,0.011956752414230103,0.04537826480057451,0.036979691564766645,0.03310655680500924,2.880723265272477
6.62679700366597,0.001,x,z,4,0.04960477158733585,0.043687785356669215,0.055507259578750676,0.058028317922463546,0.05655173042239718,0.05946567574730782,0.8633039250240797,0.7643002977568701,0.9710386281244001,3.5737628167704956,1.7585182114267517,0.18078433510525904,0.04960477158733585,0.044149589305637116,0.05577284710373734,0.0025594612191227935,-0.009154086048896812,0.012724629247931874,0.011609032149981205,1.743973954253913
6.62679700366597,0.001,y,x,1,0.4941563141441075,0.43105579141423433,0.5589136969032612,0.5165861527560094,0.5029268982480654,0.5296522902235677,0.9694654283561192,0.8482899032479027,1.0971151627330857,1.6929183395912226,0.8330233099575858,0.43953959483155436,0.4941563141441076,0.43226780682379934,0.5614820394809383,-0.06113970596304048,-0.012486221396279614,0.1422914834265257,0.10555059184948486,0.9481903212532586
6.62679700366597,0.001,y,x,2,0.22289291801480712,0.19445239573941814,0.2510979652978896,0.20576803548715616,0.20020041020472903,0.2114570854987708,1.103900873175577,0.9622168923530705,1.2525920884065391,0.6799717924947963,0.3345892947196617,0.7169160446256346,0.2228929180148072,0.19573896078326666,0.25243485790009085,0.00010226566600720624,0.018987223097573506,0.05883311984043058,0.0539626936104422,1.2225225692410366
6.62679700366597,0.001,y,x,3,0.06721483612092238,0.057883352136499144,0.07748176393433603,0.06482462151058183,0.06297201365492008,0.0667823809292975,1.0586837863591712,0.9018230130101663,1.2220829297000384,1.4651142267984893,0.7209292227103677,0.4903312587275086,0.06721483612092238,0.057505302925111614,0.0768844177056812,0.00370848553418236,-0.006538985705733354,0.019217802973593448,0.015627042086805105,-2.4574575106776373
6.62679700366597,0.001,y,x,4,0.02061340854018282,0.017814601218776607,0.023234231437970192,0.021377997608823023,0.020815172966145486,0.021937486460977748,0.9754086139808733,0.8491554672426889,1.1166315128675948,1.031196777923431,0.5074142875496248,0.6045285846535683,0.020613408540182808,0.01795930966954303,0.02356603183301192,-0.0006152874183677406,-0.0019801792733525865,0.005606406512087724,0.0049712055569056095,-2.8199310507685738
6.62679700366597,0.001,y,y,1,0.5909052724684704,0.5179378800589872,0.6668287206329333,0.6189281890341689,0.6035267283575414,0.6355257515408903,0.9658391646730657,0.8309254362615169,1.093984322953207,1.6581727422476487,0.8159262699948747,0.4469210298726898,0.5909052724684705,0.5157052008367078,0.6681240069635042,-0.06834656262062463,0.027976909491123147,0.17010953780147828,0.1266702485564539,-2.7762951288248368
6.62679700366597,0.001,y,y,2,0.3705460889762484,0.32245772597103695,0.417798413736627,0.3412775139347744,0.3315838325455284,0.3516547093624636,1.103668806512835,0.9675017963187859,1.2509968162437493,0.7125459333536663,0.3506178402216453,0.7056401479605972,0.3705460889762485,0.32374464860461255,0.4163095640867252,0.026332027558369026,0.018745863873983415,0.09771404653476444,0.08958200619022623,-2.8426084107484577
6.62679700366597,0.001,y,y,3,0.15033270935614126,0.12967142572983303,0.17254824973754235,0.14228763738953287,0.13833829071999174,0.1461846936219168,1.0779584296344509,0.9178719565987082,1.243027299365978,1.384261452494806,0.681144524243476,0.5097834896509112,0.1503327093561413,0.1290918683868133,0.17035960548170306,-0.008230813985219966,-0.01407032728617556,0.042708168689127766,0.034918068070371684,2.750503099028464
6.62679700366597,0.001,y,y,4,0.05795530340346618,0.050395194399126424,0.06559426232835956,0.05891412297359179,0.05755838164255328,0.06030992784734228,1.0045622976795592,0.8666179230536344,1.1430382337576108,0.7392001071862674,0.3637333860757824,0.6965497710116829,0.057955303403466184,0.05065333503478945,0.06568536065767906,-0.004809909409892041,-0.000560855747699561,0.01543503272365715,0.014044908977103613,2.0957919482620393
6.62679700366597,0.001,y,z,1,0.5577074499783952,0.4860484135229366,0.6253304918743324,0.5225178458313091,0.5095217029520241,0.5357355130599079,1.0684163783984435,0.9351562815690243,1.2055296964219753,0.003937278763290654,0.0019373911374922267,0.9980645448136893,0.5577074499783955,0.4902407447931676,0.6296830306667348,-0.0032879426125017406,0.001583560363785791,0.1515389169298864,0.13080620132185689,3.1328447359147935
6.62679700366597,0.001,y,z,2,0.22884126096067378,0.20149808605163164,0.26054314481255597,0.23246081992115986,0.22774663232256392,0.23741874332517693,0.9904926010720755,0.8622152478200393,1.1279744664317926,1.9249802021757447,0.9472124804356838,0.39336021357516016,0.2288412609606736,0.19980437368250642,0.25947368611966076,0.00014295425339269814,0.030894066049566956,0.06355838399520206,0.051478584314031225,-2.3845183585291756
6.62679700366597,0.001,y,z,3,0.11842624522568615,0.1009447873122481,0.13723695532908542,0.14069106189307218,0.1370428022499014,0.1444445724553137,0.8611222181257261,0.735011382958337,1.001992581888956,0.4041427780555965,0.19886390666227763,0.8201821994135831,0.1184262452256862,0.10158290635337332,0.1368499673151737,-0.006948348159817907,-0.0001826187097856395,0.035395829226104465,0.02643214425943776,1.141376450997069
6.62679700366597,0.001,y,z,4,0.0483599828509001,0.04200659620518108,0.05509050333980347,0.058028317922463546,0.056440958883379876,0.05950787369784181,0.8505855593771532,0.7358094215642427,0.971359914273993,3.3568649000805295,1.6517906651189909,0.2000301219901386,0.04835998285090061,0.04178440935787471,0.05503349238171576,0.00859822107874073,0.002363535141612325,0.012617437004666995,0.011837328980029642,2.747814961496935
6.62679700366597,0.001,z,x,1,0.4844242792315572,0.4199017330924079,0.5490505384730571,0.5165861527560094,0.5031492065942899,0.5303014066890569,0.9504020187105724,0.8207582071751939,1.0838021647855223,1.5216774782421643,0.7487619337382079,0.47717961753849025,0.4844242792315573,0.4214577068471806,0.55038905056501,0.057573469708610034,0.023240600630672875,0.12732947416017892,0.11863972704439812,-2.848576156510994
6.62679700366597,0.001,z,x,2,0.22009413203238742,0.19541654954131976,0.2459606424665097,0.20576803548715616,0.2001947341674851,0.21185680551737937,1.0918554846763935,0.9568087560649722,1.2249763561287286,0.02849330964620336,0.01402051744495721,0.9860804377512317,0.2200941320323875,0.19526180002489885,0.24588301788824593,-0.0010001408128307234,-0.003714452772910019,0.05985581588745658,0.04920293600186033,1.726342538063386
6.62679700366597,0.001,z,x,3,0.06921581930653889,0.06015610338557961,0.0790643195250621,0.06482462151058183,0.06299289530218229,0.06661756823659475,1.0851767927218359,0.9316035484464842,1.2439034332887628,4.87316451027103,2.39790634632384,0.09929239588832772,0.06921581930653888,0.05948361170943191,0.07875524788188545,-0.0141065100767246,-0.005418678519994714,0.01882753658094057,0.01610784068428557,1.1531180384451176
6.62679700366597,0.001,z,x,4,0.021884543112677124,0.019314857950874117,0.024648897019151225,0.021377997608823023,0.020826121839208775,0.021953173990922663,1.029304779620881,0.9119970758122816,1.1497930409583388,1.0098106400346194,0.4968909498583048,0.6108213631302021,0.021884543112677114,0.01922555934559171,0.024498723918195794,0.0021722443551900074,6.970503213383843e-05,0.005730843894267995,0.005191242257325665,-2.374057700929317
6.62679700366597,0.001,z,y,1,0.5801296991385869,0.5060124062480184,0.6578050811115421,0.6189281890341689,0.6039800658949597,0.6356145770077943,0.9498171110504328,0.8187810573953921,1.077702379625299,1.459807551527826,0.7183180015454382,0.4915841724903064,0.5801296991385871,0.5057321603923556,0.656822009515887,0.07111553708526296,-0.014819840998095316,0.15209166692527834,0.14235942922547284,2.847566321910106
6.62679700366597,0.001,z,y,2,0.36369312434632495,0.3234008805085689,0.4054659952298412,0.3412775139347744,0.33143585950357307,0.35077539546393727,1.0926218136056485,0.9583310752540554,1.236455284777132,0.04852395273454357,0.023876865631283342,0.976414905201986,0.36369312434632495,0.3233157802162031,0.40764010600348016,-0.007777503486830319,-0.0022042541110302597,0.09852059581416127,0.08175884575290983,0.8361968478862197
6.62679700366597,0.001,z,y,3,0.15262681704226155,0.13280306030225122,0.1738121981199071,0.14228763738953287,0.1382777815863866,0.14629399961889308,1.0896591507329316,0.9402933894918565,1.245412712844502,5.434556664204587,2.6741469300054317,0.07691620192034077,0.15262681704226155,0.13170882709205903,0.1734962569212701,-0.02672570702993261,0.022902586171481883,0.04080467511674691,0.035864175394262676,-3.079979795378918
6.62679700366597,0.001,z,y,4,0.06047056308810573,0.053474949854098536,0.06744762717675407,0.05891412297359179,0.05753160348890448,0.060330001660276245,1.0363291099882503,0.9203273556358189,1.1531713019354553,0.8282558256469587,0.4075544538897733,0.667044403662108,0.060470563088105736,0.05373821331924373,0.06727745241805516,0.0005211974485841262,-0.005319025824829155,0.015219357955870542,0.014798089980339763,2.884300652610911
6.62679700366597,0.001,z,z,1,0.5594365147284448,0.4951243223355994,0.6297625170835951,0.5225178458313091,0.5086816399615646,0.5357442996235569,1.0877519593315583,0.9593265811516047,1.2277968596127207,5.212086036437571,2.564677256024837,0.08508554146211078,0.5594365147284448,0.49449721372485655,0.6276123913382665,-0.12060013607794991,0.030171207273180643,0.13960974834518022,0.13490769080776827,-2.7020696013176533
6.62679700366597,0.001,z,z,2,0.21960247478105796,0.1896038498497618,0.2520306241927837,0.23246081992115986,0.2276346676672913,0.23720491845656014,0.9509837647086853,0.8161822198805286,1.09177954203589,4.1651978660136875,2.0495418070861,0.13743070662309964,0.2196024747810583,0.19010668767850963,0.25129740062931866,0.02198934528583166,0.029174182413524777,0.06674602124559445,0.04432243661167066,2.769515701896918
6.62679700366597,0.001,z,z,3,0.14497848782356118,0.12670169788291086,0.16424739362161375,0.14069106189307218,0.13715104861135125,0.14420995642145837,1.0336332217159883,0.8928283800723421,1.170723494035313,8.298468603774843,4.083373439952701,0.021580960738342814,0.14497848782356088,0.1258085136160181,0.1641426059886474,-0.022875032931337563,0.02875431065746212,0.040420736502103066,0.03147626687113291,1.0258954970119791
6.62679700366597,0.001,z,z,4,0.053262997160669595,0.04605436874373799,0.060451737726832905,0.058028317922463546,0.056497999359087565,0.059569108766880874,0.9286041244919155,0.8006923633015789,1.059564861781905,9.456709325826328,4.653301414295494,0.013095444258967581,0.05326299716066976,0.04649915801503692,0.06067889419839292,0.006837103438649503,-0.015124007074358268,0.014212257761636728,0.012048045329407935,1.5113845427672403
6.62679700366597,0.003,x,x,1,0.5523320863605983,0.4978309912792335,0.6098371718705341,0.5165861527560094,0.5026644865873662,0.5300281340070823,1.089681553674333,0.9700088890717541,1.2153739582718721,0.8791461417921541,0.43259572056439327,0.6507660065423464,0.5523320863605985,0.4963216936906561,0.6074967838273581,0.042111630576601854,0.030610676973521718,0.14792633637447047,0.12036273783129574,1.1122702114016736
6.62679700366597,0.003,x,x,2,0.23240490349699724,0.20551936944751142,0.25959843893202633,0.20576803548715616,0.20030299340524035,0.21108029449761367,1.1448281809996148,1.0103905171625402,1.2827468192557556,2.663624035365972,1.3106721443864306,0.27700444620007814,0.23240490349699733,0.20666012454124663,0.26118404382135874,0.024741350949317398,-0.024659635594002277,0.06217667844427942,0.05215704444090801,-2.8659980337369295
6.62679700366597,0.003,x,x,3,0.06276931955905407,0.05314193014215006,0.07385548772605993,0.06482462151058183,0.06301058825293615,0.0666097150871849,0.9770551309578924,0.8154444762442693,1.1605782225547405,1.8178374991264286,0.8944914678241157,0.41402480843838996,0.06276931955905407,0.05284201162994886,0.07394590519722538,-0.0013891390559082418,-0.00903160273547127,0.017181436299886527,0.016791372925008034,1.0711555822169203
6.62679700366597,0.003,x,x,4,0.022048641784083237,0.019412546002189234,0.024785934652640937,0.021377997608823023,0.020831310198473712,0.021947351689798215,1.0364395106159767,0.9024295928347231,1.1740646585682752,0.48009526588025925,0.23623735305219107,0.7903007026828159,0.02204864178408327,0.019218696420449544,0.024812918251134373,-0.0016875207304370026,0.00024387360561446645,0.006240749594998265,0.004818967215395166,2.9021191469694902
6.62679700366597,0.003,x,y,1,0.6620079595092727,0.5890602795373295,0.7290134593657077,0.6189281890341689,0.603307391263357,0.6342904855359883,1.088328236694503,0.9725501167663487,1.2115004347375573,0.8488254275036552,0.4176760040097351,0.6604147294666883,0.6620079595092729,0.5910603088885141,0.7320212855801562,0.06132222033330262,0.002457570266152299,0.17767339759082185,0.14428794632873082,-2.6147021201408656
6.62679700366597,0.003,x,y,2,0.38763345805446014,0.3428652147814876,0.43199782354647753,0.3412775139347744,0.33133843978422967,0.35141876566021435,1.1528396395170026,1.018661956496851,1.293107709507621,2.6924963110729405,1.3248791371946216,0.2732551195046663,0.38763345805446026,0.3450172130861293,0.43404481352703245,-0.009013327808622634,-0.057343988119014054,0.10420154920640914,0.0863280679243084,2.4999562390928154
6.62679700366597,0.003,x,y,3,0.13910985782852311,0.1171694477388063,0.1642265250839284,0.14228763738953287,0.13829309795935238,0.14617851585993627,0.9843621500515445,0.8217659741003068,1.1597648523893196,2.022587099593452,0.9952412712285239,0.37546152123327914,0.1391098578285231,0.11728384714766772,0.1638856675152577,-0.020411635104442622,-0.006109701687049559,0.03811773904670415,0.03736130383549593,2.839874044107334
6.62679700366597,0.003,x,y,4,0.06214532856672462,0.05453064111997581,0.06981980920832166,0.05891412297359179,0.05759303096252445,0.06027120931924683,1.0559570420800959,0.9326609897539229,1.1833159561031397,0.6242130309972054,0.30715244382402174,0.7366512023208502,0.062145328566724646,0.054903444551262906,0.07001635842682608,-0.002102109890938114,0.004930656325439644,0.017708526007125816,0.013137525437284006,1.6857739760253188
6.62679700366597,0.003,x,z,1,0.557826062710828,0.4950717667560605,0.6272946889207884,0.5225178458313091,0.509563681894707,0.53643794421753,1.0771059741035485,0.9523210500394935,1.216209874978589,1.4179005342314994,0.6976970882726425,0.5015953160391193,0.5578260627108282,0.49297759520899814,0.6278630873387815,-0.05693780079373429,0.028808190823379053,0.14409726051155974,0.13484493045864232,1.3812490764612537
6.62679700366597,0.003,x,z,2,0.26274757833629536,0.22893331408285378,0.29700199462352284,0.23246081992115986,0.227568229512765,0.23729538840793757,1.1394722137021247,0.9996374656357018,1.2927403632582843,0.9391471565326933,0.46212002940497604,0.6320988758186505,0.26274757833629514,0.23101466757954991,0.29580505322634904,-0.02417321375623727,0.0009298050511959517,0.07073745122916501,0.0620783989712056,1.9176213542255935
6.62679700366597,0.003,x,z,3,0.13179408316793406,0.1107650679395274,0.1534772627506893,0.14069106189307218,0.1370114369427911,0.14443123398570354,0.9436545143905314,0.8033267672096752,1.0954015385830282,0.14394787982920265,0.07083149642389337,0.9316941359277287,0.13179408316793428,0.11269606675788497,0.15449978852898788,0.004869156256487501,-0.002080407500578879,0.03677881701606136,0.03371294296665062,-2.805037750598624
6.62679700366597,0.003,x,z,4,0.048901028658608625,0.04272612774926293,0.055185254796257036,0.058028317922463546,0.05647510725496613,0.059546234485350985,0.8430215696335753,0.746703969642526,0.9545547840082005,0.33980250213920005,0.167204405814527,0.8464068741263162,0.0489010286586087,0.04272343078826047,0.05551114382482835,-0.0021739673306504126,0.001903938479820521,0.014283610351037266,0.010369912050923503,3.037389414070218
6.62679700366597,0.003,y,x,1,0.5330184116636839,0.4707480346614402,0.599735897656811,0.5165861527560094,0.5031944035406952,0.5309738371911289,1.0454270974920519,0.9162371309789972,1.1780052174676308,1.4755566202520338,0.7260675432986198,0.4878754104695793,0.533018411663684,0.469494461034466,0.5960286305022428,-0.060809448018000145,0.016216005333002916,0.1452454039651219,0.12121950649848769,2.0686940449793223
6.62679700366597,0.003,y,x,2,0.2142417141116312,0.18845988184631984,0.24237296987234822,0.20576803548715616,0.2000088761208057,0.2111777201250879,1.050795745134853,0.9127941660103241,1.2013422469758364,0.5902216238960161,0.29042651334565867,0.7489564011687389,0.2142417141116313,0.1857550116903359,0.24271639785094923,0.011458017535626107,-0.01319380864700406,0.05751468128121585,0.05143822343916867,2.25247852305094
6.62679700366597,0.003,y,x,3,0.07166393316156522,0.06083784013623716,0.08291968124612202,0.06482462151058183,0.06306966235728875,0.0668030048139775,1.1196558758261832,0.9572683273948247,1.3025196887583006,1.0313514219872844,0.5074903822477114,0.6044833258168022,0.07166393316156522,0.06075534285785667,0.08260365115870016,-0.00016837307309281921,0.008397344680309124,0.022557871434969106,0.014541376684592518,1.9391949326899427
6.62679700366597,0.003,y,x,4,0.022543054926582456,0.020059329461272705,0.025009948648462375,0.021377997608823023,0.020814080661864093,0.02195441703453364,1.0509769747805269,0.9330243737709802,1.1689283927659957,0.24589228578418953,0.12099461681444247,0.886247426210563,0.022543054926582456,0.020068476907880235,0.024943997369673017,-0.0002478015662812274,-0.00107934939839267,0.00589554503573291,0.005238362718923689,1.9660193692117334
6.62679700366597,0.003,y,y,1,0.640524698453488,0.5601188075742481,0.7150561821759843,0.6189281890341689,0.6030245376997181,0.6352167636979547,1.0483174215850282,0.9143781328476922,1.1808571959480088,1.446965522825649,0.7119989080570653,0.49462988848600786,0.6405246984534881,0.5618829040715854,0.7213778063350201,-0.049113126196469306,0.056466112521978286,0.17424272720492387,0.14527105510947563,1.4833658490114203
6.62679700366597,0.003,y,y,2,0.35823380948329464,0.3107709711514864,0.40717355113735154,0.3412775139347744,0.33163234362755034,0.3510044508269175,1.0597495561761594,0.9226362299372329,1.203542808395596,0.5865694257435116,0.2886293999690295,0.7502910941635408,0.35823380948329475,0.3120230545633871,0.40867594010829583,-0.005080569883678868,-0.028473957688385693,0.09562343788073237,0.08604702531433474,1.2807573042357587
6.62679700366597,0.003,y,y,3,0.15881207577160628,0.13655235617023714,0.18302051571959807,0.14228763738953287,0.13836735812330225,0.14637761272729913,1.1277634660986051,0.9619100726062563,1.3024766692333691,1.2225346393523906,0.6015646638083192,0.5511202156842632,0.15881207577160622,0.1359788944000117,0.18416790735732633,0.017469899801825742,0.008590844893293877,0.04953917546366304,0.031788013553147705,0.8778924517345329
6.62679700366597,0.003,y,y,4,0.06127421172875164,0.054499611520334786,0.06848914071049932,0.05891412297359179,0.05758759968766412,0.06031536451934616,1.038569305426452,0.9162171680818227,1.1598976151636085,0.14015600049266608,0.06896565103607377,0.9334302377311918,0.061274211728751665,0.054499027662541284,0.06871877765090699,-0.0021703393764688945,-0.0006107986483255188,0.016335870586734517,0.014202218829168344,1.0273723441517495
6.62679700366597,0.003,y,z,1,0.5618468761644118,0.4904587534071624,0.6399343151853023,0.5225178458313091,0.5087231020354464,0.5355635565679414,1.0818360414707189,0.9474173358077366,1.233071659908054,0.6772853765017838,0.3332674074850047,0.7178542406161997,0.5618468761644118,0.4894940180181832,0.6414400763354944,0.02274737371980174,0.04035657440097057,0.15501143493437317,0.13214060234165567,-2.864938237759688
6.62679700366597,0.003,y,z,2,0.22362710841481503,0.19586033805575728,0.25264113001903926,0.23246081992115986,0.2273573203571217,0.23717434173964638,0.9693432857547517,0.845740841780323,1.1003092139272987,3.0048571423328245,1.4785804986082152,0.2358871454031065,0.2236271084148145,0.1959754946382152,0.25560720959464667,-0.03801940028173434,0.000557503197218577,0.06100982461418638,0.05082296147017186,-2.394105982887589
6.62679700366597,0.003,y,z,3,0.14516991632059043,0.12725827431879624,0.16401332456009818,0.14069106189307218,0.13704209104556772,0.1442965660310145,1.0416872433632345,0.9104680443375968,1.178722386786897,1.2765838551042061,0.6281603096544506,0.5369336668052332,0.1451699163205904,0.127860475984603,0.1643008758275156,-0.010113009615135032,0.012682805635202552,0.037130397180917527,0.03629630229329816,-2.504953513476036
6.62679700366597,0.003,y,z,4,0.05500268702932179,0.0485166964938295,0.06168562129048502,0.058028317922463546,0.05652276208580372,0.0594985892306833,0.9561412166369373,0.8451966914064792,1.0785167821328039,0.8169719315240822,0.40200206154359597,0.6707103959376463,0.055002687029321706,0.048565809092165166,0.061843509186814624,-0.0035091464970310373,-0.003689688990424135,0.01424516639075248,0.01335430076973667,-2.3793985563009543
6.62679700366597,0.003,z,x,1,0.564093466735593,0.48354862506604307,0.6472095377583248,0.5165861527560094,0.5028789505486755,0.530581074231759,1.0962816546758347,0.9463549819890639,1.2527213211659907,1.6164269713161123,0.7953847001714204,0.45595911838713943,0.5640934667355932,0.4862685136300359,0.645978562506112,0.020077543843340366,-0.08236912022814727,0.16859298540087467,0.11829450369732182,1.8064945982039893
6.62679700366597,0.003,z,x,2,0.22566107518121864,0.1976903110552525,0.2549665403558481,0.20576803548715616,0.2004160743064118,0.2112479996902768,1.0938591218003957,0.9489968464206499,1.2314191902039286,15.786499314952362,7.7679599803733845,0.0009762276542871762,0.2256610751812187,0.1977679282977812,0.2569442462605317,0.030201964754564017,0.07506305377810198,0.05818588079944653,0.051076181701418755,2.493281541556147
6.62679700366597,0.003,z,x,3,0.058614571305187345,0.05144913120965742,0.06661665422474997,0.06482462151058183,0.0630403282049388,0.06657997413779342,0.9144326674266723,0.7984710966743073,1.0346227395379997,1.6386421956128254,0.8063160010158348,0.45112620682885574,0.058614571305187366,0.05114251040874311,0.0665332360590936,-0.007746263298475307,-0.00011975033391626254,0.015778149658574988,0.013915465056014827,2.666724640218182
6.62679700366597,0.003,z,x,4,0.020987642543458633,0.018128495075121966,0.024144059489209755,0.021377997608823023,0.020836829079864894,0.02194862287735836,0.9907524813759978,0.8473254017267723,1.1310410058023794,1.9036750908068414,0.9367290129366997,0.39738281099547423,0.020987642543458633,0.01817663252850315,0.024067398431690513,0.002631938460762307,0.0016051939998917816,0.005650494745259771,0.005174210449448955,-2.6470508631908056
6.62679700366597,0.003,z,y,1,0.6747772617066896,0.5804946451006243,0.771103919752078,0.6189281890341689,0.60357738368037,0.634931413324817,1.0950007497953225,0.9382425964784529,1.258189686915414,1.6148313485703296,0.7945995524711146,0.4563082960715825,0.6747772617066898,0.5793770052515796,0.7710701096889572,-0.03381722774932438,-0.09570770950037503,0.2019519589328888,0.1413057692139303,1.2320660118509532
6.62679700366597,0.003,z,y,2,0.37428888882402805,0.3276310178809303,0.42394465872257925,0.3412775139347744,0.33181412319713294,0.3510662557122683,1.0953577512255324,0.9570271983259355,1.235307547263022,16.15566565353125,7.949613258086806,0.0008445295794049512,0.3742888888240282,0.3267367791027622,0.4239811253161718,0.13037543661694054,0.034967377709464474,0.09665127892792827,0.08429321412177067,1.585329364341998
6.62679700366597,0.003,z,y,3,0.13144311674175274,0.11541940551004468,0.14860901822970302,0.14228763738953287,0.13838072020237674,0.1461257638566673,0.9373098182419229,0.8207027326516122,1.0617723319528405,1.457244263921276,0.7170567012945961,0.4921905516566688,0.13144311674175277,0.11414994810429022,0.1487496075807201,-0.007299094568297143,0.015179293698017482,0.03562360345624962,0.030551138636669174,1.7819170233393757
6.62679700366597,0.003,z,y,4,0.06034282774753791,0.05282065968548769,0.06795186383266412,0.05891412297359179,0.05762311977903121,0.060242860727602834,1.0294621264360193,0.9015404678318857,1.1684153256624226,2.263455188975395,1.1137636644164641,0.3347997260167834,0.060342827747537915,0.05261798810053637,0.06805834475829182,0.007568290851863766,-0.005505780791548502,0.01578501558716295,0.014558929908482078,2.3072753015777385
6.62679700366597,0.003,z,z,1,0.5669500221828028,0.4911069732152847,0.6439795260676777,0.5225178458313091,0.5088789387295892,0.5350877701861805,1.1048279082037822,0.9548974889917387,1.264642637417916,0.062421202185178666,0.030715194726040295,0.9697664707572766,0.5669500221828032,0.49192333877767885,0.6469208457608713,-0.0071929407420318545,0.013202327525700322,0.15908235727331707,0.12950838466532305,2.5122586220146252
6.62679700366597,0.003,z,z,2,0.26855681053334557,0.23525519258824548,0.3042084414916699,0.23246081992115986,0.22761987042589293,0.23736248500917703,1.1625195546684988,1.0163134943699224,1.3288989569582912,3.3806163230765556,1.6634778732598925,0.19782325400888012,0.2685568105333457,0.2347085907140077,0.3017663023590851,-0.04573243958256867,0.009677721476312736,0.07353795939716311,0.06082985317281742,-2.391908065116842
6.62679700366597,0.003,z,z,3,0.14936510977191123,0.1304974139366934,0.16975584365786583,0.14069106189307218,0.1371030650893974,0.14415044705465113,1.0930396549803032,0.9463701999773337,1.254909319970404,4.176804509701161,2.055253012710095,0.1366965179827876,0.1493651097719112,0.13062556883980975,0.16876786558433166,0.011469881299440205,-0.027404083049515214,0.0387218974466568,0.035830043414055324,2.9112229986920553
6.62679700366597,0.003,z,z,4,0.057289892905979314,0.05096433228457412,0.06397510738953816,0.058028317922463546,0.05654820434369393,0.059521651324066144,1.0053131882490112,0.8909548161505898,1.1253926369333278,1.4396020872948,0.7083756302561715,0.4963850386014701,0.05728989290597956,0.05071521482144069,0.06358531952113271,-0.002113946654318882,0.006563193581997541,0.014541641704523593,0.013687888647908979,1.9974682248594897
6.62679700366597,0.01,x,x,1,0.5087165655418312,0.45025587192346467,0.5698038744173074,0.5165861527560094,0.5032825366539958,0.5305375237227477,1.0055779620160636,0.8783210608723642,1.1364321096795,1.8223894736973891,0.8967313283272866,0.4131244706828153,0.5087165655418314,0.45150058458177716,0.5715437115649863,-0.021109052828246645,-0.0648081584701292,0.1314109022523644,0.12094840835991423,1.8691830995778882
6.62679700366597,0.01,x,x,2,0.20085542999276138,0.17187889569894355,0.23079248165736918,0.20576803548715616,0.2001908255956541,0.21120222137419628,0.9948787453516387,0.8483473793087575,1.1515747380580825,0.35737781318926926,0.17585257474392615,0.8391584985108724,0.2008554299927614,0.1718072276800622,0.2319868433249611,-0.011639487550209176,-0.001888517344212609,0.05994888897619015,0.04421812345676478,0.9773856342939471
6.62679700366597,0.01,x,x,3,0.07199638701289807,0.06462413706626237,0.0797471861158272,0.06482462151058183,0.06305020526859016,0.06671670993662568,1.125757921183225,0.9970985273937234,1.2523541178633948,3.7675316031961916,1.8538647571282847,0.16520838765214618,0.07199638701289804,0.0646046221329887,0.07958235283375567,0.004004818242628451,0.012020113578371988,0.01851312422634097,0.016353655437306863,2.5297944973734268
6.62679700366597,0.01,x,x,4,0.022183521526004033,0.01974814884478661,0.024548764505243188,0.021377997608823023,0.020833608256255905,0.021950986727778204,1.0483183871865647,0.9264148301192706,1.1679710425425482,4.322008044027041,2.126702370870449,0.12784629004501613,0.022183521526004033,0.019811136448458895,0.02468253842487993,-0.004402506052151353,0.00020666379329216725,0.005495614686783289,0.005305403901420661,0.9473625416795489
6.62679700366597,0.01,x,y,1,0.6085649450837975,0.5349778455200558,0.6805629635657863,0.6189281890341689,0.6035250837890379,0.6348657995600058,1.003627882979101,0.8793494932217073,1.1341384532339032,1.9833594952056144,0.9759387992281595,0.3825516539463264,0.6085649450837977,0.5350161365991503,0.6849905822048846,-0.06757454756378461,-0.05164332658809273,0.15773722175637414,0.1441889002277713,1.2773637606497446
6.62679700366597,0.01,x,y,2,0.33125081523122946,0.2826620558749032,0.379390146556995,0.3412775139347744,0.331635107783113,0.3511353938384782,0.9897273497560781,0.8488169631110138,1.146778844648063,0.4461237565340709,0.21952121353263804,0.8035244921423418,0.3312508152312295,0.283189201711499,0.3803318884269726,-0.01765190649625788,0.013890556905185737,0.09874628870027592,0.07345973195635977,-3.0907819250183404
6.62679700366597,0.01,x,y,3,0.15817984313973088,0.1410293420816503,0.17640257477492782,0.14228763738953287,0.13842859164336543,0.14632455278206782,1.1255849195361018,1.0005165469968975,1.2558538866268574,3.087806885590462,1.5193970389413383,0.2268796218629523,0.15817984313973088,0.14127562043417535,0.17659452590135868,0.024406820349341204,0.004587202322641501,0.041277090794631655,0.0355246378559225,1.5443681228233843
6.62679700366597,0.01,x,y,4,0.059806289791660694,0.05303937508255788,0.06666597413642784,0.05891412297359179,0.057493501777512675,0.060272788349514744,1.0246876419859952,0.9063099645933873,1.14201768734211,6.110396428777449,3.0067030046365226,0.056716852808264884,0.059806289791660715,0.05337447504894144,0.06667464380321766,-0.007328109996136516,0.012581510438794826,0.015159034885870422,0.013733271146929607,1.6788216643738707
6.62679700366597,0.01,x,z,1,0.5299564656517144,0.46503047980471207,0.5937501427069773,0.5225178458313091,0.5092419897373104,0.5359638677981079,1.0245669145503344,0.8946380702432245,1.160769337724582,2.2106983322756917,1.0878039412785148,0.3432990891035952,0.5299564656517144,0.46551135928153137,0.5990580692182502,-0.011684420430110077,0.07583637512121998,0.1355726410675044,0.1300584886224368,3.0079748753214357
6.62679700366597,0.01,x,z,2,0.24125945735319812,0.21304770094641143,0.27024078556918496,0.23246081992115986,0.22762401964717888,0.23718640830969917,1.0391581244084398,0.9083962999361571,1.164124430641514,0.5712380855685566,0.28108540718452785,0.7559207626904808,0.24125945735319854,0.2121811039356051,0.2712366820082453,0.018057652590900208,-0.005678455382924149,0.06618698524883694,0.05457737902278892,-2.986775659979564
6.62679700366597,0.01,x,z,3,0.1304690081344108,0.1118601550392004,0.14884418166322466,0.14069106189307218,0.13711241468324797,0.1444128489173782,0.9389985308094668,0.8081797722079856,1.081355838194884,1.2575475857018377,0.6187932564564599,0.5418866990706047,0.13046900813441087,0.1114864434142475,0.149680376651199,-0.013605436695395429,-0.0009392840588013738,0.03655604521372337,0.030732310668628474,1.5829467076723056
6.62679700366597,0.01,x,z,4,0.054737529158171885,0.04832226773916492,0.06111953861030062,0.058028317922463546,0.05648858794194483,0.059473239415003376,0.9553361053544207,0.8426799112775859,1.0674111453940227,1.7894415914821482,0.8805188783483587,0.4196871677522813,0.05473752915817211,0.048658957618118136,0.06125570517312236,0.0037507919596266375,-0.005601717972783274,0.014475960990425208,0.012577616477058396,0.9186727496235138
6.62679700366597,0.01,y,x,1,0.5599575828591228,0.4907014808776375,0.6352326318230452,0.5165861527560094,0.5031071121985903,0.5300246140194429,1.0932512015659979,0.9576085811727219,1.2335864202400837,1.7083873376340444,0.84063503915326,0.43629392159292957,0.559957582859123,0.4868307478359133,0.6355447573673632,-0.07587824536261506,-0.011711861934890409,0.1493923358227681,0.13300577181812528,-2.773290462052397
6.62679700366597,0.01,y,x,2,0.20344181463104596,0.17794776085824143,0.22745079055892684,0.20576803548715616,0.2001471101894652,0.21134954947627532,1.0009297308325076,0.8780575274261121,1.1295024434233292,1.8944832389169752,0.9322060381972418,0.39913140512404377,0.20344181463104602,0.178205298775199,0.2285394011295343,-0.01983172757685057,-0.01802403948702159,0.05485862563729326,0.04689799955349402,1.6828643499239897
6.62679700366597,0.01,y,x,3,0.05750949457273138,0.048836078336306564,0.06657499714549468,0.06482462151058183,0.06299378866426521,0.06659978283940853,0.887431293001641,0.7565515865861334,1.0233667287855053,2.3742835074423834,1.1682982338208552,0.3176448569896273,0.0575094945727314,0.04897929619010792,0.067279144095852,0.010010174138565796,-0.0025543817309112687,0.017579024971299435,0.012317579162820936,2.618517293512434
6.62679700366597,0.01,y,x,4,0.02105326374611558,0.018292299575692915,0.023783371148900778,0.021377997608823023,0.020833776865205048,0.02191311734953725,0.9934655541748133,0.8635040501461061,1.1298329979644128,0.19579942815498355,0.09634575036197604,0.9082856638923703,0.021053263746115575,0.018370536438074517,0.02382985652342501,-0.0008852897363531171,-2.0835628779452523e-05,0.005684588392921107,0.005046772883519142,1.4389856307681117
6.62679700366597,0.01,y,y,1,0.6729464061926116,0.5920976654184463,0.7629422129479907,0.6189281890341689,0.6031384333858427,0.635798831345755,1.0986140553396104,0.9581609254410277,1.2367613113418148,1.6020146104296844,0.7882929035447653,0.4591230763116383,0.6729464061926117,0.5885109014677429,0.7676769131882414,-0.08101928759187485,0.03844326067197508,0.18022116708825814,0.1594103283771369,2.9097976190658796
6.62679700366597,0.01,y,y,2,0.33665563996064074,0.2956215072736469,0.37901585871282384,0.3412775139347744,0.332067895332392,0.35071889803954676,1.0020118661292834,0.8696478848206792,1.1374117963756323,1.6850266779147176,0.829140111354861,0.4412049979439142,0.33665563996064085,0.2963386295339436,0.377559040275413,-0.041106085554636934,0.008004423389988632,0.09137435451698095,0.07757023628592355,-2.38782695022796
6.62679700366597,0.01,y,y,3,0.12729225982724074,0.10867498436847287,0.14804205650072036,0.14228763738953287,0.13844558349623803,0.14592487900372902,0.8923363130248516,0.7627539593234152,1.0274134529981123,2.732029487980282,1.3443319702760117,0.26820616075871784,0.12729225982724077,0.10930686030171911,0.14941832655917017,0.007535591167031864,-0.022838562919376405,0.03918360638169916,0.026689424303979463,1.5411877097072295
6.62679700366597,0.01,y,y,4,0.05788354982050697,0.049978136215619855,0.06579880266486124,0.05891412297359179,0.05752430376460346,0.060260714559980354,0.9862373574900859,0.8502664284349956,1.1249813668916469,0.16486970775070486,0.08112636413129923,0.9221748826169586,0.05788354982050696,0.0503023486255334,0.06583025815033647,0.0016485993741275416,0.0018143862738335284,0.015570891763409606,0.014230568962489693,-2.779009606549066
6.62679700366597,0.01,y,z,1,0.563221633884827,0.48520309945381146,0.6452329207256119,0.5225178458313091,0.5090341515452702,0.5357361561893844,1.096057913877614,0.9456837484352305,1.2506857603769654,1.5571342391756462,0.7662089113403974,0.4691216644147327,0.5632216338848273,0.48648321637707154,0.6400584219412869,-0.0011476912833910382,0.06919805856760622,0.14978649155012655,0.14006781793592238,3.02659530563038
6.62679700366597,0.01,y,z,2,0.25342374352513836,0.2262567126565784,0.2851475670317868,0.23246081992115986,0.22764906412247365,0.23711003447133788,1.0896841526923464,0.9659162572445394,1.2152269974130034,5.80550526252374,2.8566771926704115,0.06504863587764564,0.25342374352513874,0.22536668756068784,0.2825900381975819,0.03066073421023488,0.04730486378372927,0.06468516275759417,0.05862016718099169,2.8882550218547043
6.62679700366597,0.01,y,z,3,0.13991710275562114,0.12580559751367743,0.1546135398755886,0.14069106189307218,0.13710475041912626,0.14440540562601553,1.0063872249342047,0.8977983760802629,1.1118104989740585,4.915961697349721,2.4189652796482752,0.09737097897909319,0.13991710275562103,0.1256591325568304,0.15471668577168676,0.0016920140136339745,0.02955049429367592,0.03493584782597183,0.03211007729323179,2.186809193678371
6.62679700366597,0.01,y,z,4,0.05481003632646571,0.04788586409830449,0.062263742227253706,0.058028317922463546,0.05658309026385111,0.05950222440908086,0.9547162681691425,0.8287972912780366,1.0810301910122366,2.3462385694216987,1.154498343683693,0.32189825313004483,0.05481003632646596,0.047352585986351434,0.06264368990628846,0.003798860215314779,0.007334493932940545,0.014399819764558725,0.01356004517222153,2.3505644040633715
6.62679700366597,0.01,z,x,1,0.5017867200859102,0.43980590296868294,0.5686453856150588,0.5165861527560094,0.5029016359102592,0.5295665762182545,0.9771120363916661,0.8490830962083878,1.1118652555257826,0.11784343388077037,0.0579864515921251,0.9437138475278926,0.5017867200859103,0.44031932278066666,0.5665224551156702,-0.01609856731876175,0.00538878212845191,0.13035145077101953,0.12467479812124034,0.9867956262468172
6.62679700366597,0.01,z,x,2,0.21606321875491735,0.18921768309396575,0.24424982994647326,0.20576803548715616,0.19993013012198846,0.2111832159765611,1.0719885745981617,0.930781897683338,1.2265540161520512,3.9987560949867365,1.9676418880093467,0.14841852277431888,0.2160632187549174,0.18811421990337718,0.2443876584172826,0.018529483481971372,-0.04081869965750117,0.05670980268651943,0.05157102033146157,1.9214549485925538
6.62679700366597,0.01,z,x,3,0.07083470723117705,0.060987593498459405,0.08068603087073892,0.06482462151058183,0.06311310382039455,0.06668524302221543,1.1019797273441672,0.9552278421741319,1.2631922028879907,2.1368782134428055,1.0514797558210631,0.3555673524310703,0.07083470723117705,0.06120920181939417,0.0805750379168401,-0.008797895335113807,-0.005785805707161482,0.018638826590399345,0.01749316342133593,3.0894369617681994
6.62679700366597,0.01,z,x,4,0.020668798000533076,0.0180627265453509,0.023289901655745075,0.021377997608823023,0.020833658076189806,0.02195393546435298,0.9662302160436167,0.849111706156017,1.0872603755328667,4.081485966717084,2.008350237590946,0.14284798776691,0.020668798000533062,0.018169754844551692,0.023360799307476907,-0.00046441951113987173,-0.003976645431230642,0.005349193441936888,0.004975244764928769,-2.930385231719494
6.62679700366597,0.01,z,y,1,0.6032077333275865,0.524317044659628,0.6814477618591072,0.6189281890341689,0.6028456602071143,0.6342052119881683,0.9810891794959213,0.8497405011103992,1.1117966632457463,0.10142560760829188,0.04990783866439759,0.9513552731910239,0.6032077333275867,0.5263117897125635,0.6785011977622051,-0.010130223975474393,0.01593776474342399,0.15747281995443047,0.14961116081337264,-2.7819543063559835
6.62679700366597,0.01,z,y,2,0.35696720091920703,0.3126084380393644,0.4040416110230746,0.3412775139347744,0.3313694715712371,0.3512690959739732,1.0716772616434096,0.9204718681976664,1.2257423970889265,3.9205574453822183,1.929163187410298,0.15389020716939739,0.3569672009192071,0.3134701892543653,0.4053142966974631,-0.03317864699035811,-0.06561534273167371,0.09392262455042161,0.08504366838654238,1.0410493980216637
6.62679700366597,0.01,z,y,3,0.15854244658435376,0.13786374414418262,0.18148425261677925,0.14228763738953287,0.13816129254293652,0.14635094157537396,1.1255098096803668,0.9740357324224603,1.2851456013485765,1.6453775611339192,0.8096302284944682,0.44967140156565333,0.15854244658435376,0.13635381270802122,0.1817254622815842,-0.01791898304541058,0.011347139438063364,0.04219829820956752,0.039331065147613024,2.2150628515446624
6.62679700366597,0.01,z,y,4,0.05548759018329866,0.04852709538536298,0.06337250341482277,0.05891412297359179,0.05751895171258178,0.06030341469592893,0.946301116753166,0.8192746193957359,1.0722748557938075,3.0719508619648312,1.5115948685858693,0.22857356367403092,0.05548759018329866,0.047919780796390456,0.06354291643097965,-0.00863809031135449,-0.0032223971062207424,0.014868360544800783,0.013259420061057159,1.7564877794741425
6.62679700366597,0.01,z,z,1,0.5649774174825084,0.4886919236727768,0.6483832629510289,0.5225178458313091,0.509630008667277,0.5365148130070677,1.0929955531575384,0.950478741920475,1.246030070954769,5.436799263233106,2.675250431114703,0.07683810606074848,0.5649774174825085,0.49317365281258185,0.6411891410644119,0.02570912871623452,0.1296811860802643,0.14920134058408285,0.13497567985329714,2.0346597795767645
6.62679700366597,0.01,z,z,2,0.23096650164882696,0.20346547762564382,0.2583007707449268,0.23246081992115986,0.2276150103780358,0.23720536549592006,1.0030664754033194,0.8814083020502353,1.1329746392526143,1.6666788120115164,0.8201117963866191,0.4451022328914447,0.23096650164882648,0.20246808473024727,0.258373361074369,-0.021871850144549065,-0.025067711865009903,0.06551840317846234,0.047770636951903214,-2.401786375421676
6.62679700366597,0.01,z,z,3,0.14479340691682502,0.12924992382227243,0.15979830696101438,0.14069106189307218,0.1369864017863387,0.1441951336242384,1.0414975680769176,0.9307067416152548,1.1582971909568915,1.5084031200029653,0.7422301066681257,0.480233005136555,0.14479340691682524,0.12958020920494545,0.16090558166477362,0.014588870917991546,0.010779138398436975,0.03734918995963795,0.033188089712782885,-2.54845412592085
6.62679700366597,0.01,z,z,4,0.055111499176706574,0.0481917144039727,0.062110695721874894,0.058028317922463546,0.0565152976481221,0.0594833306678856,0.9507625431904219,0.8414973477246008,1.0644949349550672,3.1438130411630283,1.5469556234294266,0.22099934364594942,0.05511149917670666,0.04847713346262257,0.06226048539301425,0.007931901535744438,-0.004496602449220084,0.015079405819735546,0.012348378382757146,1.631602273857557
6.62679700366597,0.03,x,x,1,0.503967218444173,0.4305284399927149,0.576155487731443,0.5165861527560094,0.5036231463626416,0.529903098667269,0.994166994430546,0.8470770329132231,1.1434196949677404,0.12409524615311465,0.06106274017058022,0.9408207189572391,0.5039672184441732,0.4358852379848727,0.5768124519146643,0.01445890263364209,-0.010019488175985825,0.13628416379579072,0.12563352114536963,1.2225693527675834
6.62679700366597,0.03,x,x,2,0.22190566548191243,0.19397866410087858,0.24948496682613258,0.20576803548715616,0.1998783311836676,0.21127960604687063,1.09722614024174,0.9631776918694515,1.2402536949621585,5.899570389174316,2.9029632073714886,0.06235124081995547,0.22190566548191248,0.19436462577345948,0.24949122926914746,-0.05333695346113617,-0.020245746609458784,0.05971612430195651,0.04937056767917537,-2.935263126471405
6.62679700366597,0.03,x,x,3,0.06807099701689429,0.06049927196033266,0.0762598127184517,0.06482462151058183,0.06297644169503828,0.06675822652272465,1.0781895280785896,0.9499331184268368,1.2085491646719173,8.489675246845017,4.177459248447549,0.019861588614160652,0.06807099701689426,0.06075627156165501,0.075856352960831,0.01086790622822632,0.012071963357292602,0.018699523435704104,0.014083773695652162,2.349688850048866
6.62679700366597,0.03,x,x,4,0.02348664380065795,0.02100888606241654,0.02619411996146122,0.021377997608823023,0.020812520001666952,0.02195602145319638,1.1134229844876644,0.9921508053193201,1.2466275091489594,2.6167550269109134,1.2876096164164812,0.2832042763410061,0.023486643800657923,0.020997573866609904,0.02629149141356723,-0.0031674491122333343,-0.0005128762254931751,0.0064912466130235815,0.004964700796272583,1.5103692530885355
6.62679700366597,0.03,x,y,1,0.602668503814838,0.5181190407259734,0.6938967925022576,0.6189281890341689,0.6028511141137866,0.6351332869630806,0.9922155611210277,0.8475584119173096,1.1435531771331573,0.1744694109382579,0.08585002760453961,0.9178407558449302,0.6026685038148383,0.5226363624611471,0.6912004580631989,0.01040826653364924,-0.02272933874536156,0.16339343767171094,0.15085217021062097,-2.5073042200716227
6.62679700366597,0.03,x,y,2,0.3668383734569186,0.3211940372386437,0.4158028421056385,0.3412775139347744,0.3317440702881622,0.35148437662815485,1.0940823060172788,0.9574218877605047,1.2375598145158686,5.618334657601769,2.7645773712008705,0.07078017777317869,0.36683837345691866,0.32309839241479704,0.41630079410096865,-0.07758717185665194,0.05018843129651278,0.09933392338190761,0.08088240408760677,2.390585366609419
6.62679700366597,0.03,x,y,3,0.15084626518512034,0.13286813820234422,0.16930209357388581,0.14228763738953287,0.13834373148678253,0.14631773355164135,1.0834593388941693,0.9548321051913813,1.221116044336438,9.709496427847737,4.77768871846476,0.011755247891712783,0.15084626518512034,0.13339108173954786,0.16925584798150584,0.0374394293664349,-0.009918531201806743,0.04138429559572434,0.031418142801160634,1.3443169373989226
6.62679700366597,0.03,x,y,4,0.06296316893016243,0.05564731326810274,0.07103643643251527,0.05891412297359179,0.057533508020965074,0.060302144807392176,1.0772394165960444,0.9521366931248995,1.2097195433076944,1.8970983413826967,0.9334928346486285,0.39863311928738576,0.06296316893016243,0.056117232286878656,0.07058859748382225,-0.0019699400631205243,0.007370264686620137,0.017172719238386928,0.013926493044675263,-2.7003372168660893
6.62679700366597,0.03,x,z,1,0.5362150421652908,0.47061194465936246,0.602301852297597,0.5225178458313091,0.5086475682846394,0.5356363504883397,1.0367074273161254,0.9136239740230611,1.1735177653650837,4.3170306887859,2.1242531960692523,0.1281396529903417,0.5362150421652911,0.4671061506938634,0.6026953510602807,0.08025658725832775,0.07274513715732771,0.13424076975340363,0.13143932857768578,2.6816880699180836
6.62679700366597,0.03,x,z,2,0.23595256433486203,0.2074800189810983,0.2659069465325925,0.23246081992115986,0.22770343950558725,0.23712390838701905,1.021493212354124,0.9006222431288667,1.1496924634352654,1.6474301237766853,0.8106402196361467,0.4492290217558703,0.23595256433486195,0.20808141572143893,0.26591768334648874,-0.02089952891058478,0.023751010137298755,0.06249408687423888,0.055627559470728526,2.440128053404656
6.62679700366597,0.03,x,z,3,0.1350942573599684,0.11600003151269855,0.15397102240425808,0.14069106189307218,0.13719646283687628,0.1444480356118853,0.9707070052783067,0.8319840632458716,1.113253872956217,0.6746795530072331,0.331985176876575,0.7187655016737671,0.13509425735996844,0.11603964769159808,0.15468568471278296,0.007991771977441255,-0.00681789830686437,0.037329371060210524,0.03223569103644545,-2.432227616327866
6.62679700366597,0.03,x,z,4,0.056911976368134935,0.04956154366788797,0.06473770469671024,0.058028317922463546,0.05650322523458405,0.05951946599723558,1.0107945837960661,0.859009263434246,1.1738787214405535,2.3247694820844784,1.1439341895971242,0.32519403536112623,0.05691197636813455,0.049479337741321266,0.06475357145397902,-0.007866996342523072,-0.0017636978826113194,0.01615537267559823,0.012731659490914822,2.3096864337029728
6.62679700366597,0.03,y,x,1,0.534687096288578,0.470555528390273,0.5999238863793086,0.5165861527560094,0.5025721365331367,0.5298897061339851,1.0494837694150754,0.9204017689676139,1.1907124066083197,2.0414324020428745,1.0045143565607795,0.3721037289845205,0.5346870962885781,0.4704481644409174,0.59987256950594,-0.07447744773145899,-0.03125181424865843,0.14576572296674084,0.11873556603428846,-2.458807008698088
6.62679700366597,0.03,y,x,2,0.21720987127343547,0.186595856609873,0.2475619956695753,0.20576803548715616,0.20032354573984285,0.211309436822999,1.0641607063697818,0.9195591576501111,1.2140572818383482,3.566010242882328,1.7547034528468597,0.18143818004385404,0.21720987127343555,0.18595273926656716,0.24772469717418671,-0.036665836694331586,-0.023056254056119104,0.05977235865475002,0.050991795715535304,-3.001289501733692
6.62679700366597,0.03,y,x,3,0.06946542339832001,0.06140335295587224,0.07783148061728441,0.06482462151058183,0.0629821858897368,0.06662738484148795,1.091257330749545,0.9581428138000143,1.228296070319532,3.520844083074397,1.7324788345286717,0.1852962974144643,0.06946542339832001,0.06151172715150073,0.07788194700742086,0.004509046375957258,-0.010971647433289895,0.018267174071874077,0.015978330118360647,-2.8007909440566277
6.62679700366597,0.03,y,x,4,0.020755048704530557,0.018317410720664444,0.023436781277477253,0.021377997608823023,0.020843340402567297,0.021929806192458812,0.9766210398578375,0.8583110974135466,1.0920022614539784,1.0119321381675768,0.497934861638014,0.6101941115809881,0.020755048704530536,0.018367887766957663,0.02332101700748284,-0.00020525788663441316,-0.0019525902575544102,0.005741370852480222,0.004582939972150366,-2.5834611634024647
6.62679700366597,0.03,y,y,1,0.6430121133460456,0.5680018597016508,0.7220510999457012,0.6189281890341689,0.602164710943343,0.6347288216339436,1.0533731430521502,0.9186950420398367,1.1881648565035237,1.7863149265988802,0.8789803607073856,0.42031551521965804,0.6430121133460458,0.5675269306328578,0.7230773163724176,-0.08936617884139689,0.017816860703020798,0.17581222052731713,0.14254800023929304,-3.0566940770754543
6.62679700366597,0.03,y,y,2,0.3608089974889157,0.31016265210503047,0.41313158612355944,0.3412775139347744,0.33192730200972,0.35098544572907553,1.0686750441319242,0.9253361746525199,1.2237985234974367,2.999337749039066,1.4758646066700165,0.23649944309012494,0.36080899748891576,0.31390820656356344,0.4137237403481591,-0.061416499158140625,0.024967121262853973,0.09938052747816797,0.0847455383602733,2.3648983653855855
6.62679700366597,0.03,y,y,3,0.15121901224821993,0.1340123141524623,0.1683989974539817,0.14228763738953287,0.13822816167605687,0.14612339930337556,1.0863669597942334,0.9502642201781134,1.2282462814677273,2.849743684339747,1.4022548288020977,0.2537349424289641,0.15121901224821993,0.13361112047639545,0.16897501281198196,-0.011519305752823852,-0.02079386240299807,0.039737780082627926,0.034956439770956,2.225831756692395
6.62679700366597,0.03,y,y,4,0.053704665914002025,0.04681835251759422,0.06048753964834084,0.05891412297359179,0.057548077792354116,0.06022591751120115,0.9143341253902849,0.8024695345532127,1.0366906136436966,0.2075247428235541,0.10211534964333614,0.9030769331826183,0.05370466591400202,0.047016928311869294,0.06060538506490304,0.0003697953618481744,-0.0025525832096245735,0.014884833822242826,0.012240430849827823,2.1393857854738405
6.62679700366597,0.03,y,z,1,0.5034304143649551,0.437961944137468,0.5675777428578775,0.5225178458313091,0.5084515870254807,0.5366660728219949,0.984435900878343,0.8466134262590925,1.1247561531734114,9.42650375348748,4.638438354890664,0.013265813339216503,0.5034304143649552,0.43758800057962444,0.5750490618332783,-0.11818385204892437,0.07962791422658466,0.1328761084394713,0.11717941436767856,1.0918305786955271
6.62679700366597,0.03,y,z,2,0.24265690010217772,0.20949096726871197,0.27893966425608485,0.23246081992115986,0.22760674724330382,0.2373813100352176,1.0484029119964802,0.8953347095955891,1.2161543823456171,1.9198929058274317,0.9447092076293712,0.3943169051319837,0.24265690010217783,0.2072640553876618,0.27909449789112384,-0.012024837733034302,-0.03172035942949722,0.06546228394581906,0.06185889942174479,2.670765285659595
6.62679700366597,0.03,y,z,3,0.14272927142897024,0.12288634024602614,0.16352437297925454,0.14069106189307218,0.1368633455750831,0.14441073945814026,1.0332844454339694,0.8827463743287884,1.1888593785867432,3.4001290262105606,1.673079362103609,0.1960290393262364,0.1427292714289703,0.12236300967377108,0.16339250569489205,-0.0028476941250430788,-0.02545779289958314,0.03897616960029617,0.034387532645514314,-2.805804351083852
6.62679700366597,0.03,y,z,4,0.05068193624728801,0.044713855684638086,0.057122594877529596,0.058028317922463546,0.05655303073343439,0.05954063906417454,0.8869696567920897,0.7732701317334472,1.0023950092875185,2.413515995856084,1.1876031090720414,0.311791838856059,0.05068193624728789,0.044501721812193584,0.057233517657314645,0.0031646330135811146,-0.007193644374448422,0.014121776354102947,0.011061609129658952,2.6161639862286856
6.62679700366597,0.03,z,x,1,0.5181562089383176,0.45060661722120515,0.5898219605540983,0.5165861527560094,0.5030996111730132,0.5307424556049765,1.0031070138531757,0.8730786734698066,1.1396280290100318,2.043541314137202,1.0055520752103693,0.37172990357962354,0.5181562089383178,0.45291923010087803,0.59420806459856,0.03413299239064593,-0.062167921144497575,0.14023739487641806,0.12340526332156673,0.8884999602027167
6.62679700366597,0.03,z,x,2,0.22852919893603618,0.20230699309797276,0.25739613060162264,0.20576803548715616,0.20015037950514095,0.2113684974834381,1.143216574708932,0.9898109271599476,1.3036304699352355,0.6845796066347525,0.33685663183614806,0.7153097715029435,0.22852919893603624,0.2015580142726265,0.255898593532216,-0.007892466058029223,-0.019934765195974233,0.06580723669364986,0.04721805693436795,1.0961403870467827
6.62679700366597,0.03,z,x,3,0.05431167053774123,0.046683374233442876,0.06248961602229197,0.06482462151058183,0.06298256117043458,0.06669273233395873,0.8498125345318888,0.7290548263178724,0.9839465367774511,1.947972047495023,0.9585259281324717,0.38906627331242105,0.054311670537741226,0.04652254969396678,0.0620250076498693,-0.0031329318956389318,-0.006492351082042028,0.015103593306958712,0.013041445914257786,2.7927487645469586
6.62679700366597,0.03,z,x,4,0.02307298488677504,0.020439796972817417,0.02555880493485936,0.021377997608823023,0.02085669670833157,0.021952679119531544,1.0920191372890788,0.9575636366763113,1.2128578163714199,1.963294570138142,0.9660655821314666,0.38623154281635375,0.023072984886775047,0.020380239127028184,0.025763648011603062,0.00034470535897090557,-0.0032506280757447106,0.0063465673733941585,0.005000551289992778,2.2096488844669273
6.62679700366597,0.03,z,y,1,0.6194919010085795,0.5361587854725614,0.7046911308321827,0.6189281890341689,0.6042616635175507,0.6347291684075983,1.0004925958692599,0.8612368007175996,1.1352450635137246,2.0426095629322014,1.0050935944587023,0.37189501781673884,0.6194919010085798,0.5354363182478923,0.701092034038278,-0.007314317973343476,-0.08477495036860508,0.1675194048656599,0.1480744417219434,-2.833377525245795
6.62679700366597,0.03,z,y,2,0.38016592968711793,0.33632847366096974,0.42295407634277526,0.3412775139347744,0.3314697469175534,0.351296918859322,1.1520939277651574,0.9988970851476372,1.3117478375635327,0.6942246402509973,0.34160260075842724,0.7119595508913925,0.38016592968711804,0.3357188127155291,0.42544411593429243,-0.03456248855618047,-0.009449987152180674,0.1092818358742891,0.07859324486486158,-2.979820886942591
6.62679700366597,0.03,z,y,3,0.11972942107002235,0.10306358268676555,0.13696618368871158,0.14228763738953287,0.13827044364146135,0.1462233390959181,0.8514108319529405,0.7305227109308842,0.9847998677033808,2.0426322706851625,1.0051047681149212,0.3718909929099068,0.11972942107002238,0.10197249245438972,0.13807024877080007,-0.016288277054207503,-0.00022732398928289842,0.03354389815045515,0.028799145966344405,1.6523126854087227
6.62679700366597,0.03,z,y,4,0.06421796701918348,0.05703321377055699,0.0713317637302534,0.05891412297359179,0.057573138706416296,0.06031539418750165,1.105587943266304,0.9795865084294293,1.2316526936907009,2.3563084208015193,1.1594533499182078,0.3203642986239894,0.06421796701918348,0.057031889310291316,0.07138987077055578,-0.008518696357757118,-0.004115498183022105,0.017648439855653217,0.013797066753920749,1.1798422053520625
6.62679700366597,0.03,z,z,1,0.525783296939602,0.4613144548214505,0.5961832162283002,0.5225178458313091,0.5092471901912807,0.536472573288196,1.0272727243129207,0.8936447867020898,1.1672432303115012,0.11999480749899614,0.05904506400744255,0.9427172291633781,0.5257832969396025,0.4602421809500585,0.5901850088442558,0.013583920838880634,-0.00975778846389614,0.14418854834989395,0.12205998290886046,0.9728148052860901
6.62679700366597,0.03,z,z,2,0.21582038600218034,0.18577931227696284,0.2453069241787855,0.23246081992115986,0.2275289759261661,0.23752323271288067,0.9317082823741176,0.8116254100897443,1.0650869931286042,0.5667281314322984,0.27886622340319445,0.757585104385582,0.21582038600218026,0.18853194634444137,0.24486549574003133,-0.00012371050417897891,0.015275016112856142,0.059235406161480916,0.05081014523558933,-2.8616830817618495
6.62679700366597,0.03,z,z,3,0.13210350518338004,0.11695679728269992,0.14705273093946725,0.14069106189307218,0.13704079098750316,0.14446464480338722,0.9468202961519061,0.8307278879533533,1.0610838294024763,5.6991597555863835,2.804348451161554,0.06824374441564673,0.13210350518338015,0.11684986692787151,0.1467669208649164,0.026841859097488048,-0.0026838107900877175,0.035781453039679514,0.028532826169656505,1.5538303415587726
6.62679700366597,0.03,z,z,4,0.05775826008850207,0.05043729440635823,0.06545155527756759,0.058028317922463546,0.056486975466482764,0.05950704609742006,1.011826715816646,0.8834235472479673,1.1700321679943126,4.320603745976369,2.126011367067737,0.12792898842659373,0.05775826008850185,0.05088652260137052,0.06529005863836135,-0.0030072915537239907,0.011959418340567456,0.01592948148954266,0.012547516673594238,1.3422677171744037
6.62679700366597,0.1,x,x,1,0.4979029345853613,0.4329022050704009,0.5652868615124738,0.5165861527560094,0.5030911442801037,0.5302397263780756,0.9885925007268241,0.8535538240959799,1.1313677822730146,0.053866134455033896,0.026505558223905566,0.973853659727614,0.4979029345853614,0.43075775083211415,0.5640942137275672,-0.006336472378515232,-0.009601564735230808,0.1330785797641308,0.12319163229999286,2.052188703590431
6.62679700366597,0.1,x,x,2,0.20362762423702396,0.17697658740114763,0.23000166180774229,0.20576803548715616,0.2000287025007616,0.21145076884931419,1.0026212674130244,0.8721560205966719,1.1318318097648372,0.5217319173114696,0.2567252291532628,0.7743990016841255,0.20362762423702402,0.17709221809167766,0.2300103565282942,-0.00569571155728333,0.013172725861986163,0.054644910096270934,0.048791849264105444,0.9644884855677773
6.62679700366597,0.1,x,x,3,0.07766178042676078,0.06858326147678079,0.08723401979882454,0.06482462151058183,0.06294893330840287,0.06668625767155022,1.2154526301594122,1.0714922626632366,1.3555263877041923,0.17539528957834202,0.08630561868140639,0.9174238483920046,0.0776617804267608,0.0687207459151741,0.0872337583042009,0.0013027473117300389,-0.0031093275027955438,0.02052216479184131,0.018473185581896583,2.2391533786995397
6.62679700366597,0.1,x,x,4,0.021759145374107038,0.01901835832011404,0.024602898844019044,0.021377997608823023,0.02081691911786068,0.02196428967347318,1.0280943814469619,0.8861228169136963,1.1662996167080226,0.206391060021875,0.10155750572504961,0.9035791992703816,0.021759145374107045,0.01888672850012536,0.02455387206526841,0.0007304254195729665,0.0007304106379142804,0.005801847711797963,0.005281655041412817,1.0903017127287697
6.62679700366597,0.1,x,y,1,0.5959197555203795,0.5161331950580605,0.6769622790216939,0.6189281890341689,0.6030174370324528,0.6345201580224056,0.9868036977989537,0.8517449323505119,1.1256011998088944,0.1327091751370797,0.06530134014681699,0.9368494723883604,0.5959197555203798,0.5152938412932466,0.6798195064040936,-0.01626776116679375,-0.015227499124940314,0.15970604707277952,0.14773369060543265,1.4314929331485993
6.62679700366597,0.1,x,y,2,0.33991542231443084,0.2950336402167198,0.38646358254340535,0.3412775139347744,0.3316623533706982,0.350724597137132,1.0105068157895771,0.8715964590304616,1.1579706021830003,0.4832825025831101,0.2378056758742288,0.7890716175128083,0.33991542231443095,0.29562680523321133,0.3824592816164092,0.008202924314369479,0.021071620435243445,0.09201216501446899,0.08112837837251081,3.1242154222340326
6.62679700366597,0.1,x,y,3,0.17037682639720406,0.14999637086331757,0.18975222147702306,0.14228763738953287,0.13853491239207358,0.14616141596726953,1.2172509093277177,1.0628104554382731,1.373586602993434,0.3485142768080777,0.17149115208016522,0.8428059375587553,0.17037682639720406,0.15070437759722802,0.19120068390704467,-0.008424381804827252,-0.005174191696099818,0.045338367588220574,0.040069944789418506,1.3595100347502234
6.62679700366597,0.1,x,y,4,0.05855641609274263,0.051146510541365736,0.06620754100132896,0.05891412297359179,0.05751859645145383,0.06029337853781805,1.0180728843255693,0.8829247182558788,1.156747746827705,0.029136776196621535,0.014337143842782025,0.9857684107702637,0.058556416092742654,0.05114422291922103,0.0661892199598644,-0.0008590724535320701,-0.0005056712759870322,0.01508866393464348,0.014762212225223847,2.012871983152835
6.62679700366597,0.1,x,z,1,0.560106179333999,0.4875276466024843,0.6350081744414129,0.5225178458313091,0.5094072521971642,0.5357949884540815,1.0857485758515748,0.9377498509737332,1.2475986223660045,2.3120521950398705,1.1376764769243808,0.32716271207243564,0.5601061793339992,0.4834766695881881,0.6370122040818704,-0.06700043541199055,0.046526235025495015,0.15343470331983713,0.13243066220533609,1.4055187040182326
6.62679700366597,0.1,x,z,2,0.20846273302816348,0.1838725101871404,0.23524856424590512,0.23246081992115986,0.22767359457452177,0.23707860079102322,0.9089563132812952,0.7997598004084321,1.0289841238160702,1.7393447172445842,0.8558680354695573,0.4298725931711712,0.20846273302816343,0.18349457627025256,0.23445519747908988,-0.005346127328134098,0.027529321886318753,0.055425605887403265,0.04869117103740167,1.283179521027444
6.62679700366597,0.1,x,z,3,0.13537051229810268,0.11794560440502937,0.15234436295296894,0.14069106189307218,0.13709852214059318,0.14424090294554548,0.9721450768027403,0.8392802500270892,1.108859013681488,0.18337692232734323,0.09023308876424825,0.9138379504993206,0.13537051229810237,0.11813220308813588,0.15320676105868072,0.0032063422664342163,-0.004597054930263166,0.0358801549589149,0.032800289666659675,0.941133664119083
6.62679700366597,0.1,x,z,4,0.05470360809824833,0.04869078653717203,0.06055501328061878,0.058028317922463546,0.05644493632907121,0.0596399913959195,0.9645277853064194,0.8486151759208806,1.0968172778586638,7.312008123326586,3.597972251160701,0.03323858156279402,0.05470360809824783,0.04861905955951429,0.06070889943051922,-0.01346895613527941,-0.002637569779623614,0.013435923536328599,0.01283206104549982,1.7849026781904258
6.62679700366597,0.1,y,x,1,0.5349212972204694,0.4646175473962086,0.6123869743456335,0.5165861527560094,0.5029083815624353,0.5302361543739047,1.054751200061665,0.902186140400035,1.2135096599011082,0.022324135393161568,0.01098489201885728,0.989077146132807,0.5349212972204695,0.462860714827349,0.6121352191009135,-0.00875305892362391,0.0007856513898949324,0.15338817991084713,0.12177347875414452,-2.8946456777383833
6.62679700366597,0.1,y,x,2,0.19300364772093834,0.1716530042993506,0.21619015372584272,0.20576803548715616,0.19999185915735845,0.21144105831301283,0.9559111463262003,0.8433138977055368,1.0691535711155322,0.052936583698859466,0.026048160232772115,0.9742988228974692,0.19300364772093836,0.17140730077401053,0.21492842663811632,-0.004087515082256857,0.001007492018265256,0.05187691909426206,0.04363900603425476,1.9898351993288033
6.62679700366597,0.1,y,x,3,0.06331150188043717,0.05471556017840179,0.07194759437692434,0.06482462151058183,0.06295774897172539,0.06663584706316504,0.9894122027659733,0.855703443141389,1.1259256209280997,1.2105180719871038,0.59565174970794,0.5543264991151198,0.06331150188043717,0.054998857801638976,0.07235468830096618,-0.0026912455234550502,-0.005468749476089251,0.01850967492595757,0.013799906721624799,2.424969445075767
6.62679700366597,0.1,y,x,4,0.02478878734843903,0.022275535070356386,0.02733730819940611,0.021377997608823023,0.020814978450814987,0.021943169987678972,1.1718857585432774,1.0500704052914716,1.2985927487816447,1.7481995113403126,0.8602251563738047,0.42805389097585533,0.02478878734843902,0.022248274999488962,0.027240073149422835,-0.0011460429003259697,0.0025870236909737495,0.006693972959658493,0.005294493389727936,-2.3813587383131813
6.62679700366597,0.1,y,y,1,0.6416497871775737,0.5508585490492562,0.7315036030540022,0.6189281890341689,0.602807542776672,0.6352773285891505,1.0552085869051855,0.9067147124601871,1.204990830404658,0.019880732868199698,0.009782582839907787,0.9902666391586734,0.6416497871775739,0.5571510703467677,0.7342798116386938,-0.007351682618678216,0.006543328463502409,0.18369337592452734,0.14612151280340388,2.803352870007234
6.62679700366597,0.1,y,y,2,0.3230781403711921,0.28846981848379155,0.3606058946599797,0.3412775139347744,0.33161429520921054,0.3508566316340399,0.9658548470572693,0.8501432364004786,1.0875389806669997,0.04533195456445296,0.02230619986504828,0.9779485883818946,0.3230781403711922,0.28694900899597725,0.35875702591323905,-0.0018735417114406224,0.006339321935570765,0.08642963196512404,0.07338147704086682,1.02422427204509
6.62679700366597,0.1,y,y,3,0.1414922087857493,0.12122362783054039,0.16007651661570677,0.14228763738953287,0.13842238865976217,0.14640078349524951,1.00702009549074,0.8721670611302814,1.1595515658672577,1.0170947272802595,0.5004751832648896,0.6086704937369904,0.14149220878574933,0.1217261843649668,0.16076826742964245,-0.012688080820910667,-0.0002468474764438346,0.04114809224952281,0.03141351988121355,1.3429215901922193
6.62679700366597,0.1,y,y,4,0.06609986535199788,0.059136907049135136,0.07309443987235684,0.05891412297359179,0.05762836352878984,0.060230584889452835,1.1322205303645412,1.0106140530269068,1.2704066353996568,2.08174610497031,1.0243512580012637,0.36502444404226675,0.06609986535199788,0.0593819296601515,0.07318174868652115,0.006581867989997752,0.005453653873252713,0.017368434765695853,0.014837404212707475,2.5288080116763725
6.62679700366597,0.1,y,z,1,0.5105116499713713,0.45657722302782,0.5661391735248409,0.5225178458313091,0.5086469811937993,0.5360014803068867,0.9823792444500854,0.8748398917730303,1.1002786205782515,0.2613216694431274,0.12858685321804683,0.8795710780436653,0.5105116499713716,0.4568313549427657,0.5672573887001756,-0.023272261911804308,-0.009936865234245168,0.12776576810823384,0.124717937888145,1.5813995210652017
6.62679700366597,0.1,y,z,2,0.24648798881373768,0.2139559118832184,0.2785216632619024,0.23246081992115986,0.22775069708549447,0.23693994138920452,1.0579927479259528,0.9245372121005473,1.194707616464542,0.6725214520204318,0.3309232541687839,0.7195210973208179,0.2464879888137378,0.21436061497402092,0.27803272865731976,0.010656066976058223,-0.016549191335125397,0.06775507073023539,0.05674691888343479,3.0082730982402395
6.62679700366597,0.1,y,z,3,0.1456337706192996,0.12612573947105035,0.16517558331633447,0.14069106189307218,0.13697107172217768,0.14443910079309108,1.0510590623191245,0.9077117717343284,1.1937583182257416,0.5372133952396532,0.2643430992449087,0.7685709382813468,0.14563377061929947,0.12669734508110445,0.16492400144642239,-0.007045835059888699,0.006957702265856335,0.04009825066495004,0.03415278766084134,0.8204714107618001
6.62679700366597,0.1,y,z,4,0.05517689397432036,0.04750477041597906,0.0627598773046959,0.058028317922463546,0.05646349544240516,0.05944118887549134,0.9613850801341474,0.8338495283016804,1.0980536182720404,0.8678854907681434,0.42705476529861025,0.6543322954326132,0.05517689397432078,0.04727441577260597,0.06295635382549163,0.003999425015786137,-0.0030733451253650342,0.015453965704143889,0.012994801431901591,-2.8455521082392075
6.62679700366597,0.1,z,x,1,0.5489540523490746,0.48147955165160977,0.613256866387553,0.5165861527560094,0.5030273019104842,0.5303818018037627,1.0809649292317638,0.947834436030537,1.2231120002951268,1.7134710962024968,0.8431365711472604,0.43523266743116484,0.5489540523490748,0.48606589166216724,0.6142098989115158,-0.07243878367206012,0.008409554472156067,0.14391537380801556,0.12895003077445802,-2.8201128370522217
6.62679700366597,0.1,z,x,2,0.23964149655548717,0.2141666256838757,0.26468119791213557,0.20576803548715616,0.20046208355621872,0.21140187222596396,1.1800538702136527,1.0463669649857283,1.3081156089424053,9.27423863277507,4.563514247873448,0.014160146545379892,0.23964149655548722,0.21378291626464535,0.26647190784666747,0.02951739187057626,0.05568142954578569,0.06223310674437517,0.052143230625209626,2.805122434095847
6.62679700366597,0.1,z,x,3,0.05382742735110038,0.04653729191671539,0.0613444347439737,0.06482462151058183,0.06303747274265097,0.06665035518169876,0.8460038242996237,0.72402069856438,0.9702097772684326,3.0765818367711644,1.5138736022207315,0.22807747872665685,0.05382742735110038,0.046519460103899096,0.06144911023038081,0.004594435584609021,-0.008055656049783502,0.01480912833253442,0.012544867133611262,1.2256395744721642
6.62679700366597,0.1,z,x,4,0.021242809559323568,0.018489963541801498,0.024418042564262762,0.021377997608823023,0.020831772241832656,0.021960818913371986,1.0005379079648855,0.8611736252652197,1.144309177414503,1.2577159734606866,0.6188761139250998,0.5418426802556944,0.021242809559323582,0.018443582940926708,0.024322912384236683,-0.0017889532608740552,0.001443793179887757,0.005788310341851269,0.00514161638371515,1.1684127249855072
6.62679700366597,0.1,z,y,1,0.655956535360761,0.5810983612707171,0.7340077062939946,0.6189281890341689,0.6028705262695755,0.6348051973874782,1.0764372848811175,0.948178053170121,1.21557693624174,1.9090204275948444,0.9393592580228599,0.39636958945180023,0.6559565353607613,0.5780787201528166,0.7366440025658719,-0.07329220299031204,0.05672912965535394,0.17196169668911496,0.1543110519086421,2.8309367099525624
6.62679700366597,0.1,z,y,2,0.3957331910376849,0.3548079253209617,0.4361772982001145,0.3412775139347744,0.3317576760851563,0.35168027549831476,1.175768542774724,1.0469454582011353,1.3095009933075383,8.38836904696938,4.1276101659690605,0.020754189134824852,0.395733191037685,0.3519472832933277,0.4367408472926109,0.09690456215211642,0.01719200501339476,0.10335770377736199,0.08569627246372583,1.87331732144064
6.62679700366597,0.1,z,y,3,0.12000931718893815,0.10419631297776152,0.13733699777999708,0.14228763738953287,0.1384659841713869,0.14616953524698295,0.8617382716251205,0.7459987910328966,0.9768615596464686,4.121357390857334,2.027969509786942,0.1402408010883177,0.12000931718893812,0.10376489713468948,0.13645817561897158,-0.017805352122595305,-0.016241981132326232,0.032514539384850626,0.028282904517123685,3.055991204022562
6.62679700366597,0.1,z,y,4,0.059883717455887726,0.05158670707039659,0.06845140373171457,0.05891412297359179,0.05753759145582021,0.0602818737560314,1.0284461463794234,0.8747755813094166,1.1857004633608732,1.8770124311723861,0.9236092915292693,0.4024768589132308,0.05988371745588772,0.051697996972885546,0.068807058793028,-0.004310350789638543,0.007449262840384755,0.01657682499179773,0.01442082580458417,2.6509436139650133
6.62679700366597,0.1,z,z,1,0.5284517401925904,0.46051928786433904,0.599709817133485,0.5225178458313091,0.5082456599012498,0.5362912310404973,1.027227810336584,0.8934303170270486,1.1693521955440034,1.4664603983471536,0.72159162458352,0.49001395013679994,0.5284517401925904,0.46168258309650423,0.5997907407614608,-0.05264316678710072,-0.023394873429483553,0.1499779824094041,0.11736366502277691,2.347655480182311
6.62679700366597,0.1,z,z,2,0.24392877155327825,0.21618637210962116,0.2726389108882558,0.23246081992115986,0.22760587676823277,0.2371203990567942,1.0581755436986156,0.9406227071827674,1.1785311009454602,1.6772481186542478,0.8253125663219315,0.4428529076978175,0.24392877155327844,0.21525726077312365,0.27113172474836555,-0.01841872392231788,0.024830279449806786,0.06431385267955637,0.05584270799710974,2.9093000134635414
6.62679700366597,0.1,z,z,3,0.1324324230356841,0.11431082558556936,0.1508490660335564,0.14069106189307218,0.1372532986839602,0.14418367713113825,0.935540258011444,0.8129695976853982,1.0544903809573751,2.6830733514358407,1.320242442770017,0.2744729833051178,0.13243242303568442,0.11505347703030021,0.150021361706063,0.022765954933527538,0.004782031318899815,0.038430057477110646,0.028038276000195723,-2.5153625745592625
6.62679700366597,0.1,z,z,4,0.05437858798759107,0.04777666760295462,0.061154925591581075,0.058028317922463546,0.05644561406720717,0.05954114906527526,0.9409369361654162,0.8322722637489327,1.0532783489252164,0.06469528162399078,0.03183418619593197,0.9686830097149387,0.05437858798759096,0.04794510153387472,0.06110137662687973,-0.001546649320377689,1.5781416540657954e-05,0.01540168578802411,0.011600721282364699,-3.0833832141274375
6.62679700366597,0.3,x,x,1,0.5288206207648335,0.4522140855398566,0.6026603571558119,0.5165861527560094,0.5027334854109718,0.5302258595188823,1.0455268833930507,0.9018594362243173,1.2109276280693864,0.8138234893902214,0.40045282811264865,0.6717369908861749,0.5288206207648336,0.45268269311892106,0.6083820455619365,-0.020424035649642486,-0.04582969026458616,0.1412331527291391,0.13368944941852454,1.4303095823510155
6.62679700366597,0.3,x,x,2,0.23660066535534,0.20878784028467082,0.2654323721172205,0.20576803548715616,0.19997280779119292,0.21162547925041522,1.1631894604905222,1.0251571703701796,1.3017556883836308,0.060983237646653594,0.03000762487375018,0.970452219232394,0.23660066535534005,0.20835030195980406,0.26484900343827555,-0.0029708306941207425,0.005098047815957824,0.0624719719913574,0.056209805614616,2.6729543003810856
6.62679700366597,0.3,x,x,3,0.06995583996322768,0.06080787705099362,0.0794152448029278,0.06482462151058183,0.06296490638431429,0.06660828251498989,1.0977410643620003,0.9496200362660814,1.2495017417988845,3.298526680696574,1.6230845571681556,0.20555915967911642,0.06995583996322771,0.06099439785132204,0.07917366255245462,-0.0026545040390328497,0.012029316277232681,0.018360381929789726,0.017087006119576947,-2.691291799992056
6.62679700366597,0.3,x,x,4,0.02207221455586599,0.01945580425436814,0.0248579464601627,0.021377997608823023,0.020824317321470876,0.021964688209971387,1.0372922684345927,0.9112592899614235,1.1700509510860515,2.8108661664999413,1.3831246216110824,0.2584230350692913,0.02207221455586597,0.019414922496358886,0.024992816905184928,0.0018254225267385262,0.0032406325221720996,0.006046221221817616,0.004971039770812946,1.6783125109860255
6.62679700366597,0.3,x,y,1,0.6358479930242622,0.5472188334104673,0.7301699931749069,0.6189281890341689,0.6032308057700478,0.6349120134253661,1.0469510323478932,0.8887319519437906,1.1904722286290703,1.504666687472825,0.7403915446294852,0.48109609715900237,0.6358479930242624,0.5520835384332655,0.7287104313282081,-0.0536305311699843,-0.06215544666735218,0.16920485186204737,0.1603399857071398,0.86319869846409
6.62679700366597,0.3,x,y,2,0.3900094279886802,0.34507665544865945,0.4371267495675072,0.3412775139347744,0.3316512450094599,0.35108703473879976,1.1566887996551407,1.0214877800145148,1.2960874921354992,0.05301734896188153,0.02608790187013218,0.9742601359677181,0.3900094279886803,0.34212473316484965,0.4377488527269965,0.000956713802118008,0.009314764752917967,0.10358916626877744,0.09220017255243457,1.7107658469828033
6.62679700366597,0.3,x,y,3,0.15310916631819962,0.1341298893508766,0.17429393441381819,0.14228763738953287,0.13829814257765946,0.1462157155203112,1.0971550260160434,0.9597710672904332,1.2416564142011657,3.0439792597111155,1.4978310643022947,0.23159374756203843,0.15310916631819965,0.1337968281977812,0.17387966495395904,0.01844254273414469,0.01772551950995418,0.04037331719789652,0.03702446071055875,2.2153833963172573
6.62679700366597,0.3,x,y,4,0.06056148560027471,0.053222884423006725,0.0682446872898957,0.05891412297359179,0.05753906358693039,0.06029128117878221,1.0458789693457968,0.9088090220083213,1.18320145605443,1.671964510914333,0.8227126958467352,0.4439758773541779,0.06056148560027472,0.053380661779775115,0.06804275308754291,0.007613850766724887,-0.0010394602152738307,0.016233177371246833,0.014053486598763052,-2.491460904093337
6.62679700366597,0.3,x,z,1,0.5402547937245179,0.48263300006103943,0.5992839654955746,0.5225178458313091,0.509094576916372,0.5361275175552274,1.047025431711382,0.9318854987067992,1.1665566381036723,0.4960868741726658,0.24410623967226414,0.784153755646228,0.5402547937245181,0.48586233787489314,0.6030409163458796,0.028702256976111,-0.019666640686466418,0.14714675046230596,0.1155238573420805,1.6306068556545903
6.62679700366597,0.3,x,z,2,0.2389211776097887,0.21189296877565933,0.26654560508951236,0.23246081992115986,0.2276700968118833,0.2372811470019267,1.0369059557438927,0.9135934688118922,1.1642691847731672,0.4262491110519234,0.20974162607316868,0.8113666188606514,0.23892117760978882,0.2107736290204131,0.2689089990341964,0.0009590820923477132,0.015715608113883638,0.06230314838081273,0.056790764408103434,1.9944197229074627
6.62679700366597,0.3,x,z,3,0.14837570671250128,0.1336457022637242,0.16240947352440627,0.14069106189307218,0.13692108698702896,0.14431759754414858,1.0807550326894002,0.9659659513264754,1.1994952180856366,1.3901839681751087,0.6840587779909265,0.5083319298054337,0.14837570671250128,0.13317946963030403,0.1637765813190389,-0.015481052200269855,-0.0065816175284181995,0.03948801139711974,0.03207433546227881,2.8744660687183816
6.62679700366597,0.3,x,z,4,0.05303985397283745,0.045863448401055974,0.06002568938972612,0.058028317922463546,0.05655644784716898,0.05954277389433866,0.9232368228690326,0.7980867938468964,1.0505203860029388,0.6038823198825107,0.29714844311679095,0.7439857998415198,0.05303985397283735,0.04620204027914417,0.06053230433128735,-0.004378189609703466,-0.0001309075968261731,0.015305240557550398,0.011630115734548935,2.695757158490394
6.62679700366597,0.3,y,x,1,0.5677124542620063,0.4979984493186582,0.6393256371663703,0.5165861527560094,0.5031514765609459,0.5297261012234852,1.1105041860944074,0.9743070573586881,1.2496179273389088,0.39421555633357935,0.19397908327525334,0.8241730971053406,0.5677124542620063,0.4967429855502196,0.642097294792986,-0.030679037093832063,-0.01905632045997279,0.14880886630599072,0.1380406505758197,3.128535805625755
6.62679700366597,0.3,y,x,2,0.197089169625231,0.1696564788320815,0.22738304093623624,0.20576803548715616,0.19980098466095528,0.2113371483544108,0.9814704550500335,0.8318037271072245,1.1490510661716729,5.396517230413169,2.6554291133779087,0.07825343467188528,0.19708916962523107,0.16931236905957994,0.22965975896245924,-0.04321579204600709,0.01652606871554866,0.05173619470807688,0.04960765863078677,1.8547178465470018
6.62679700366597,0.3,y,x,3,0.06610598600384195,0.057257900675405156,0.07568488810560518,0.06482462151058183,0.06295438919577301,0.06663160461029771,1.0267828164092454,0.8855980769673123,1.1707776801914487,2.1070157258057973,1.036785515872694,0.3606579959559596,0.06610598600384196,0.05701341724323457,0.07526316834923985,-0.009048552787779213,-0.0015467715772035369,0.017958962867171083,0.015966287908886864,1.8563502591299108
6.62679700366597,0.3,y,x,4,0.021116943613514027,0.01840620678821867,0.023850065088157915,0.021377997608823023,0.020816749622581326,0.021934852075807955,1.0067617006063236,0.8721344169009076,1.1502883643627633,0.7321652776076932,0.36027180326727765,0.6989371864374814,0.02111694361351405,0.018365903110313525,0.024014095299844312,-0.0018554462610508632,0.00015262144001722624,0.0055039806487566754,0.005207759030908364,2.9598891384366546
6.62679700366597,0.3,y,y,1,0.6791402236366503,0.5908588236371187,0.7654093844419244,0.6189281890341689,0.6033645142424283,0.6340856952448468,1.1074899667240587,0.9770051753729213,1.2519090651308415,0.3684713760451474,0.1813113120222154,0.8346163273161528,0.6791402236366505,0.598761764041859,0.7691768842849998,-0.041654098827309596,0.0011941652466245642,0.1779242852718304,0.16530366303023875,2.510418166369382
6.62679700366597,0.3,y,y,2,0.33015856552185247,0.2842457626836353,0.37763555893091894,0.3412775139347744,0.33109228220724374,0.35102005186701146,0.9896689381006761,0.8467147636722995,1.1426609137877732,5.245271446293049,2.581006584683881,0.08381225044445273,0.3301585655218525,0.2849207841127774,0.3805974700376878,-0.019663434890277876,0.07364274159527229,0.0856130573768174,0.08333007356508687,0.9100743507118007
6.62679700366597,0.3,y,y,3,0.1434928053054233,0.12308212261180038,0.16365944841681476,0.14228763738953287,0.13857773429658649,0.14630032848779553,1.0177208727902358,0.8742757253783312,1.1677930178360045,1.8797391455713155,0.9249510081382664,0.40195282498337814,0.14349280530542335,0.12333193156506658,0.16499787885109382,-0.010480557382236863,0.016202418202965925,0.03900073167545953,0.03503941149815011,0.982153978046378
6.62679700366597,0.3,y,y,4,0.05603790712142855,0.04914320056736,0.06358876533524456,0.05891412297359179,0.057592993139796864,0.060266741147389814,0.9723579635483577,0.8426274154385087,1.117988385017337,0.5900578598021864,0.29034593101377426,0.7490161961141588,0.05603790712142859,0.04944152386985586,0.06344359430560428,0.00018325624647423427,0.004751283263483178,0.015750589138352,0.012509585578826646,1.6815146539374335
6.62679700366597,0.3,y,z,1,0.5358880695959902,0.46548043866030625,0.6050312376082845,0.5225178458313091,0.5083465100491373,0.5362788924835101,1.0362820908011292,0.9112410018685935,1.1832776946122712,1.520726277938057,0.7482938827949169,0.4773977460088594,0.5358880695959904,0.46492631904255,0.6110260906651109,-0.06409092342955927,-0.014850214293893126,0.13929713044142522,0.13410395114863716,1.3915993303632923
6.62679700366597,0.3,y,z,2,0.22289643636808162,0.19471044940019536,0.25059884528954596,0.23246081992115986,0.22749218800226476,0.23745380239302874,0.9714212689285213,0.8479119869941951,1.0857580083135823,2.734013082740914,1.3453080248407672,0.2679553785735853,0.22289643636808118,0.19615883447298407,0.24959119750441733,-0.036347788478216764,-0.003076154859966335,0.05594586465160582,0.05504055697513126,-2.6135064125309566
6.62679700366597,0.3,y,z,3,0.14535962570742197,0.1275673371722509,0.16472030407339208,0.14069106189307218,0.1370701355657921,0.14435983191920576,1.0484055711394207,0.903280796898178,1.1991583696123531,1.1184707720230895,0.5503586338526314,0.5795343750618268,0.14535962570742184,0.12664631717029892,0.16531143985421945,-0.015139171815152102,0.006559372717130594,0.039870997874814726,0.03429072153064432,2.4809666153969725
6.62679700366597,0.3,y,z,4,0.0550002986775669,0.049339913631111364,0.0608653067260538,0.058028317922463546,0.056513164656322515,0.05952592653547475,0.9587379142227721,0.8591327434833416,1.0645980837567715,1.3289955595902798,0.6539501959888678,0.5235367261330786,0.05500029867756671,0.04870613744455834,0.06097593757065147,-0.0049950073969357404,-0.0036679445562565753,0.014641355228180037,0.012109420598257297,-3.138795362922059
6.62679700366597,0.3,z,x,1,0.5799768113577443,0.5122210812067565,0.654418354411027,0.5165861527560094,0.5039635461997187,0.5308338617165371,1.1295174663948886,0.9958050539555087,1.2707399124694136,1.3134638471851452,0.6463076073450714,0.5274704180377675,0.5799768113577444,0.506396963663853,0.6606900251235197,0.06704505013193693,0.0016690546677644033,0.14884987087786322,0.14310680971630685,-2.719949942146002
6.62679700366597,0.3,z,x,2,0.20897796583377776,0.18498584585052788,0.2344536057069398,0.20576803548715616,0.20001168868083097,0.21130500830040674,1.0289891571579821,0.9036665206320887,1.1565975067284637,1.0713197966857841,0.5271573602739573,0.5929024722378478,0.20897796583377787,0.18288274098853038,0.2335456711093477,0.017399506118225678,-0.010901751144329324,0.056936183087970396,0.04741244433614451,1.6408218995494361
6.62679700366597,0.3,z,x,3,0.06439406642989721,0.05676656828711749,0.07270437161585666,0.06482462151058183,0.06302020844172997,0.06665385052833671,1.0027444914665828,0.8782683601492012,1.1349442188564318,0.5539941396335731,0.27260029093080584,0.76230487252604,0.06439406642989723,0.056143978904261906,0.07275326667726027,0.00024042945260857596,0.00468557387143097,0.01755162975147096,0.014978002753357122,-2.4782951357330134
6.62679700366597,0.3,z,x,4,0.021601651250956866,0.018920285489780597,0.024470584387543612,0.021377997608823023,0.020828178899771895,0.021949373524331326,1.0226180977377066,0.8833837303622841,1.1645566327011059,0.6068391344465989,0.2986033836165804,0.7429144191450836,0.021601651250956866,0.018897870019769284,0.024545226720171783,-0.001514599261295494,-0.001236798119126831,0.0063857256657940285,0.004460459932587826,0.7939397999034268
6.62679700366597,0.3,z,y,1,0.6947220314088318,0.6072333585437245,0.789158766988768,0.6189281890341689,0.603767553806099,0.6354334721639356,1.129901005706813,0.9841469786694188,1.2750945834030087,1.3376491479976944,0.6582083109195004,0.5213581941402345,0.694722031408832,0.6051122948350361,0.7880268335915556,0.06910524200149634,-0.042806672519991415,0.17859255452380846,0.17161147410662286,2.943422181010178
6.62679700366597,0.3,z,y,2,0.34263162117193735,0.30221904857786075,0.3863631666213242,0.3412775139347744,0.33122971395993617,0.3510924334669323,1.0150973681435183,0.891762125105463,1.1445382210902904,1.0938819652625358,0.5382593797323589,0.586466446393006,0.34263162117193746,0.3005097042929304,0.38510107018103107,0.003902684985066283,-0.03405501893576475,0.09350019671194583,0.07790980012516148,-2.3640747229938435
6.62679700366597,0.3,z,y,3,0.14297177226832744,0.1250101918026837,0.16103686400113823,0.14228763738953287,0.13827072705682764,0.14654347067967305,1.0131897162706887,0.8869513851636865,1.1466041631733588,0.6660549101562883,0.3277413049975387,0.7217900800668533,0.1429717722683274,0.1253867766459954,0.16157435055679,0.010503735659747085,0.004068583088744225,0.03904255606527791,0.032907747449418344,2.6067470384313554
6.62679700366597,0.3,z,y,4,0.059937105924787126,0.05239153163961556,0.06765095149148821,0.05891412297359179,0.05750601275549575,0.060367225372932674,1.0246753520363074,0.9021039864878373,1.1619596388963254,0.4433215397406413,0.21814234495174414,0.8046254340251379,0.05993710592478713,0.052460385354181405,0.06726580152601333,-0.0038500124020241448,0.002592626741131867,0.017663909525599215,0.012269487664203419,2.6133328905784454
6.62679700366597,0.3,z,z,1,0.5773318934255013,0.5071923113027555,0.6511683894173613,0.5225178458313091,0.5092846656592623,0.5352657943251211,1.1192670617195495,0.9810210308704763,1.257441679155997,0.18936213792380388,0.09317819485139556,0.9111584749367789,0.5773318934255016,0.5086577012454271,0.6463484520461436,0.008497894362050399,-0.02388241490030092,0.15162564687999316,0.13873918505791855,1.3240455777160207
6.62679700366597,0.3,z,z,2,0.24590543405244136,0.21314929555325568,0.2789853370771346,0.23246081992115986,0.2275273311525637,0.2372985876044564,1.0736530764459278,0.9266275928175036,1.2370412441568213,2.3084548978343165,1.1359063782994256,0.3277218143641413,0.24590543405244122,0.2123030499741579,0.28086482233751325,0.007500332793482707,0.03193282227504357,0.0706514862671277,0.0537446194533388,2.638612004971252
6.62679700366597,0.3,z,z,3,0.12857470179116898,0.1116860247455802,0.14592371544765598,0.14069106189307218,0.1371285757471709,0.14410407048563476,0.920513694291728,0.7996276774036307,1.0392955315874834,1.643658948297939,0.8087845618608905,0.4500421525259015,0.12857470179116934,0.11247336429524268,0.14524409182790238,0.006311216183179279,-0.014013871408917706,0.03513314820147512,0.030033918683985323,-2.4564312242779476
6.62679700366597,0.3,z,z,4,0.05525089448040475,0.04847061592971755,0.0625015058786364,0.058028317922463546,0.05642720672450005,0.059508937540937445,0.9624553051022324,0.8356381392760353,1.0786496547273337,0.3394514556534906,0.16703166865489222,0.8465523085829999,0.055250894480404406,0.048510419618251775,0.062294837297009076,-0.002713337244124994,0.001715448652812208,0.01425979023412117,0.013632309034655819,1.7837312089656001
6.62679700366597,1.0,x,x,1,0.49867313254070966,0.4410118760048505,0.5594536480093498,0.5165861527560094,0.5021399584895518,0.5303057633680824,0.9761578237936686,0.8580466949658216,1.0983230095247796,11.187578254423881,5.504998823605401,0.0062992668541274055,0.49867313254070983,0.43932668044054574,0.5592718484426595,-0.08327042623199557,0.12106761518680484,0.13740003284291064,0.10101852317600325,3.0839521289399427
6.62679700366597,1.0,x,x,2,0.2081271873478878,0.184139232004501,0.23343935158902795,0.20576803548715616,0.2000766720045232,0.21128031681499482,1.0268533759111935,0.9089901867673557,1.1510775021888833,5.818759044194499,2.8631988947623723,0.06466139715697927,0.20812718734788785,0.18439453830836483,0.23179879058314076,0.017151890663792867,-0.045130541018222406,0.05235426317403418,0.049143740834935,2.7415182445095256
6.62679700366597,1.0,x,x,3,0.06371114187280502,0.05639856113900485,0.07175592154735004,0.06482462151058183,0.06289324540662491,0.0665741868426552,0.9922599937272398,0.8780662323499032,1.1169079323333444,1.5046318718760054,0.740374413145336,0.48110414686441094,0.06371114187280504,0.05641357287967731,0.07125557106765229,0.006676301391959312,0.004276046451956283,0.01640886529922293,0.015301844105102016,0.8073329045170851
6.62679700366597,1.0,x,x,4,0.021879153086620133,0.019592216610864636,0.02436862600017409,0.021377997608823023,0.020856141093373727,0.02192817741755861,1.0410203286076618,0.9137734789577795,1.1690098196518544,3.460256839412625,1.7026660638379583,0.19060511838374639,0.021879153086620133,0.019528050600241036,0.024432139832124562,0.002443644017635066,-0.003288542993282486,0.005654365287374862,0.005007735896406534,1.8668956691784149
6.62679700366597,1.0,x,y,1,0.5821521434747206,0.5169512609508379,0.6493465065142222,0.6189281890341689,0.6025234001083031,0.6356922384508118,0.9519409821637077,0.8402651138001465,1.0702601514640957,2.085091687244803,1.0259974968982366,0.36444322610220836,0.5821521434747208,0.5114563249548367,0.6476230800185477,-0.001828881031584303,0.07618906249121689,0.1646789283482779,0.12096434049025188,2.4941718079470494
6.62679700366597,1.0,x,y,2,0.34538845773917604,0.30579560059718425,0.3859406733886347,0.3412775139347744,0.3318937983682789,0.3508107204933267,1.0320431333083322,0.910679862979845,1.152574471936223,5.796679541394984,2.8523343775118177,0.06530782606633256,0.34538845773917615,0.3058367965441458,0.3848264785518111,-0.04145281785435416,-0.06798330576527653,0.08720098145565944,0.08103658013386701,1.8638200504023743
6.62679700366597,1.0,x,y,3,0.1400248849173043,0.1228071321096499,0.15691991695047824,0.14228763738953287,0.13842406905523022,0.14614686971370267,0.9975479414577242,0.8765256232933292,1.1235701242668892,1.7383657589677968,0.8553863258412968,0.43007415227298207,0.1400248849173043,0.12309910353759955,0.1558631990236409,0.016381694048651804,-0.009177213614470442,0.03601156481444005,0.033740797205325884,2.5843834976667113
6.62679700366597,1.0,x,y,4,0.06065836674267245,0.054199215633424606,0.06682644237411521,0.05891412297359179,0.05762172404857697,0.06029045488386945,1.0425407556412651,0.927677340746017,1.1590281892498755,3.4191619944473883,1.682444790918556,0.19429511701517166,0.06065836674267247,0.05463244318008372,0.06691099741070645,-0.0050759738300883445,-0.010006627608502367,0.015342408446080527,0.01380983695529801,1.124048488428293
6.62679700366597,1.0,x,z,1,0.5475914885954363,0.48463485726546046,0.6119156416729599,0.5225178458313091,0.509026500793184,0.5355034842393924,1.0554464641741954,0.9397008495007395,1.1756289441157026,2.061006693166529,1.0141461506057523,0.36864885407747416,0.5475914885954365,0.48211882883355955,0.6115980803082606,-0.0029427686549624707,-0.07278074134089758,0.1453760407176738,0.12595040701631652,-2.792580351974764
6.62679700366597,1.0,x,z,2,0.24149666207672787,0.20622137017102865,0.27862245205255726,0.23246081992115986,0.22764940649125465,0.2373536292628012,1.033678966503442,0.8802582274761777,1.184441608926905,0.4430134835833358,0.21799076176322874,0.804746558852914,0.24149666207672757,0.2071831862849426,0.2771199078508736,-0.008952453213090458,-0.014025528878569839,0.06697896585951582,0.05987326489030561,1.777428132023741
6.62679700366597,1.0,x,z,3,0.1344175452262814,0.11936587828502969,0.15028433205532948,0.14069106189307218,0.13718482442441918,0.14426399571795614,0.9668573255123438,0.8529162433617021,1.0886157957408105,1.533762085444936,0.7547083277586194,0.4744173245732335,0.13441754522628124,0.11925113502623937,0.14983231257130342,0.009464848832718952,-0.013320504244944999,0.03401727096445964,0.03273186427704303,2.9718241768996587
6.62679700366597,1.0,x,z,4,0.05690693663516479,0.04927650560704703,0.06466540253345066,0.058028317922463546,0.056488185879663984,0.05953507334470011,1.001444192168307,0.8686755781657642,1.1413774093851434,0.011323930654071562,0.0055720928615272764,0.9944439003896578,0.05690693663516492,0.04961535040132189,0.06467938599814475,0.0002895442116549814,0.0005840252170774124,0.015554869368972648,0.013549642125226385,0.9437956682235781
6.62679700366597,1.0,y,x,1,0.5856813642042029,0.5102489306470454,0.6675978220118554,0.5165861527560094,0.503403236451671,0.5300245340482262,1.1426762717801253,0.9957809789550363,1.3051351211656188,15.384090703621041,7.569949393845274,0.0011441721393349313,0.5856813642042031,0.5074570825682383,0.6705316264028356,-0.20793769177729338,-0.047128120355297926,0.15769306718758128,0.12620401172833165,1.0724574606317692
6.62679700366597,1.0,y,x,2,0.22411921112907923,0.19706013744450426,0.251436435944356,0.20576803548715616,0.20020535051913535,0.21152938929016743,1.1047797917949747,0.962270187355456,1.2564886465836738,0.9051004157080694,0.445366871221431,0.6426224054222316,0.22411921112907932,0.19797172164096247,0.2531337943154329,0.021494380182898218,0.0001303249360102678,0.0627407508784233,0.048703389613998234,2.553945081069827
6.62679700366597,1.0,y,x,3,0.06402052543862807,0.0552335360759812,0.07295906944023195,0.06482462151058183,0.063037470867353,0.06664224001453645,0.9991441820725149,0.8611689799831811,1.1397951617108368,1.7115455450876143,0.8421890777415244,0.43563431978176426,0.06402052543862807,0.05539226356685968,0.07330336357853642,-0.008080668665753502,-0.0038996265920604213,0.017762788366852238,0.015152490796367756,0.8216098020547986
6.62679700366597,1.0,y,x,4,0.022342987519284423,0.019497195818089588,0.02537437627379968,0.021377997608823023,0.02082423149398406,0.021943114007915186,1.0769330041486498,0.9280815292420785,1.2234624348334537,0.1645512881592737,0.08096968147519817,0.9223190059139811,0.022342987519284412,0.01952134558472697,0.025301274483090046,-1.8650020442790086e-06,-0.0008993610715736686,0.006152497571607699,0.005202075066134853,2.3675764775928516
6.62679700366597,1.0,y,y,1,0.7019235344053645,0.6076154615914943,0.7974426185385425,0.6189281890341689,0.6033649583256981,0.6345250984441608,1.1413478456661015,0.9956824274558087,1.2921201536380846,15.744138481819686,7.747115760895401,0.0009926398846904494,0.7019235344053647,0.6105702636255946,0.7970467747071959,-0.24155687108600923,0.09078570312458924,0.18900628037454284,0.151085024319945,-2.6467127696093775
6.62679700366597,1.0,y,y,2,0.36999009970763197,0.3278023731929232,0.4147035016751191,0.3412775139347744,0.3316066287772986,0.3510878825415455,1.0965325540449733,0.9609260075096213,1.244804830605224,0.8318614310620377,0.40932864068132013,0.665877354372648,0.3699900997076321,0.32895914591299036,0.4193641652310024,0.019284601210559152,-0.028121983098774103,0.10393618998923923,0.08005644588299891,1.5867809261335422
6.62679700366597,1.0,y,y,3,0.14147243812817914,0.12300833093241136,0.16266752771223528,0.14228763738953287,0.13836709623402185,0.14630675786114838,1.0062274797579727,0.8660348496960433,1.1479139387221948,2.1189624075153963,1.0426640417932902,0.35861248210505026,0.14147243812817914,0.12164487303923936,0.16126189584233444,-0.01820606594799009,0.012518260927255947,0.03874149628629608,0.03359375001691151,2.7830640524938652
6.62679700366597,1.0,y,y,4,0.06286544107964588,0.054854515660780694,0.0713684020003109,0.05891412297359179,0.05751043756435003,0.06028502860733109,1.0826750820983633,0.9390080154456594,1.2317375707746754,0.6642443274105214,0.32685038332898675,0.7224267006414826,0.06286544107964594,0.054700299444708535,0.07139407867000032,-0.0047449730261408625,-0.00042348884522958627,0.017323273130376803,0.014552681023985268,1.3335102428489765
6.62679700366597,1.0,y,z,1,0.5460825734562382,0.48212138480100114,0.6139085362280077,0.5225178458313091,0.5081807267093793,0.5361409238618426,1.0596573529594724,0.931810757320701,1.1900923578455702,1.7679051715473453,0.8699215923486937,0.42403495974290384,0.5460825734562379,0.48221944513687404,0.6127474805004453,-0.07006422280250058,-0.02186816415306836,0.14157566985090175,0.12945718062510325,3.048908226522738
6.62679700366597,1.0,y,z,2,0.2303770394640123,0.19974838283679186,0.25867734609348353,0.23246081992115986,0.22761325135309285,0.2374784661066873,0.993048455839853,0.8633559982276225,1.1222777367422838,2.371567686259226,1.166961877365651,0.3180541991291007,0.23037703946401236,0.20231529168256512,0.2601244390115166,-0.019475346607988622,0.0279316905308,0.060225820663972286,0.05589034664238559,-2.58813692905952
6.62679700366597,1.0,y,z,3,0.1458981257378467,0.12904547048371856,0.16328389373177002,0.14069106189307218,0.1371957463718099,0.14438183275085847,1.0377606329651028,0.9260062704347587,1.1519840382875717,1.1780406462717044,0.5796707941971878,0.5630888920522209,0.14589812573784663,0.12888975946400533,0.1629597321776859,0.014916726148987218,0.0037481888582987354,0.03738280888024898,0.035222630211226034,2.3943185644100393
6.62679700366597,1.0,y,z,4,0.057123598764549574,0.05079312260443736,0.06359543729791765,0.058028317922463546,0.056490575665686035,0.059446664794542345,0.9940223754366212,0.8850586826793183,1.1083676677816372,4.2432309277541975,2.0879390279425416,0.13257184131040067,0.05712359876454935,0.050833855906710405,0.06380463317937836,-0.005122244374359806,-0.009481988155207899,0.015136648156343295,0.0124987638214532,2.0272820977993855
6.62679700366597,1.0,z,x,1,0.5626721973466979,0.4899819311735598,0.6286154314232231,0.5165861527560094,0.5030510548878955,0.5301314988183616,1.094245622847851,0.9541828026255812,1.2293740441654346,0.17267127531336876,0.08496523070975288,0.9186509846378709,0.5626721973466982,0.49400687232497276,0.6315423406196877,-0.004040334332815906,0.022526960586803445,0.15274412688607591,0.12994847661211906,2.5663097357451248
6.62679700366597,1.0,z,x,2,0.2025848001312896,0.17428862745271254,0.23038296115814116,0.20576803548715616,0.20025906193199092,0.2114880599662548,0.9942023565494567,0.85104693756288,1.1393213116132106,4.633637553689294,2.280043875624891,0.11079289567298745,0.20258480013128963,0.1737221570468946,0.23064337033450333,-0.04243937747617208,-0.011278799874721739,0.05257611636251317,0.05096876637877056,2.5036152986760265
6.62679700366597,1.0,z,x,3,0.06933225598598822,0.06090431029576158,0.07800532818211825,0.06482462151058183,0.0629542100240426,0.06671206961307354,1.0853116806636558,0.9511683656563822,1.2309360082362526,2.04936492915986,1.0084176635548519,0.3706996225757053,0.0693322559859882,0.06096689243384644,0.07818972110007286,0.0010355890538822682,0.009768420887457593,0.018349957871870142,0.01621648407534648,-2.3851382863931074
6.62679700366597,1.0,z,x,4,0.022648024667390958,0.01980372566795338,0.025828475929975486,0.021377997608823023,0.02082817346153822,0.021961655614048312,1.0731276688919893,0.9352445742132359,1.2166454581091624,0.7872887641374824,0.3873960585438405,0.6804537243980313,0.022648024667390954,0.019696583227783986,0.025703979545268592,0.0016905998845941862,0.0009546132956988439,0.006106234784860391,0.005434272381399749,1.661844614177673
6.62679700366597,1.0,z,y,1,0.6758247591450146,0.5935579560968395,0.7580384609877011,0.6189281890341689,0.6033331621360959,0.6342879009459137,1.0989556524710924,0.9665306696961994,1.2424488679997152,0.16640453416681986,0.08188159617732406,0.9214805144364981,0.6758247591450148,0.5899537703709207,0.7546839299173932,0.00979836012237742,0.025257166793484855,0.18345627564934966,0.15588940200363208,1.989629067527836
6.62679700366597,1.0,z,y,2,0.3338909994577054,0.2871417508809704,0.38563381698703053,0.3412775139347744,0.3313167647967637,0.3510248601515083,0.9906543030726184,0.8417935485147965,1.1410317570437605,4.830718869177553,2.37702039594451,0.10123670958755049,0.3338909994577055,0.2883375149353923,0.38347192067725555,-0.05847479216100446,0.045074148573548634,0.08733762907741995,0.0833461704102095,1.6121516976335888
6.62679700366597,1.0,z,y,3,0.15089671283403944,0.131430980602261,0.16971003774050852,0.14228763738953287,0.13830050923834938,0.14623568826417646,1.07879255747366,0.9383279378600733,1.2306999958151525,2.0202679519421642,0.9941001033366205,0.3758768950799247,0.15089671283403944,0.13302371316335382,0.16942132353419662,0.01937283572809365,0.007867918270123671,0.03975199344860164,0.03577225400680006,2.6350963308475603
6.62679700366597,1.0,z,y,4,0.060541869164972825,0.05293407513028215,0.0683130990189462,0.05891412297359179,0.05758473878346357,0.06028213290958047,1.0398550051402846,0.909636178108354,1.18410481830076,0.6404248140134101,0.315129670387551,0.7308560782345708,0.06054186916497287,0.05329643694065969,0.06784355005805172,0.0031441399978524654,-0.003315624448743865,0.016215110730145622,0.014194138976889854,1.145216366260391
6.62679700366597,1.0,z,z,1,0.4864969009710412,0.4272745226431486,0.5496120126336327,0.5225178458313091,0.5095161802425922,0.5367579046409877,0.9344890562809841,0.8220270846152,1.0606794836776838,2.0450911605621123,1.0063146980543727,0.37145542521383457,0.4864969009710416,0.42568253451529153,0.5504619312766198,0.06952496949215552,0.0018306790278529396,0.12390085342595368,0.12059554001594514,2.6132133885854176
6.62679700366597,1.0,z,z,2,0.21553139394962084,0.18609953782840466,0.2467592626845308,0.23246081992115986,0.22766458102467876,0.23742996029734423,0.9345810648221446,0.7991892719123928,1.0699537785854292,0.38271259207014036,0.188318894510704,0.828822549502722,0.21553139394962112,0.18580330596523334,0.2465772234846498,0.013818619572997157,-0.0024208083029166813,0.0584959177435857,0.053240541415280576,-2.854265876467886
6.62679700366597,1.0,z,z,3,0.13732046169180676,0.12090359467473842,0.1543623828172583,0.14069106189307218,0.13695833675112642,0.14445280642176964,0.9905460393177813,0.8724555350794846,1.1112196938723,1.8406730733750687,0.9057280202321766,0.4095284597097917,0.1373204616918065,0.12082027894821816,0.1534034633944696,-0.010310121979214371,0.015921078485180824,0.03540708437992517,0.03284306868151312,1.9996190460592278
6.62679700366597,1.0,z,z,4,0.053945015791570114,0.046806557546609055,0.06151872754087166,0.058028317922463546,0.05648407949719432,0.059512694463886164,0.9516702689522913,0.8162856022286297,1.0997781554350219,0.7390468065949575,0.363657952451487,0.6966017069259517,0.05394501579157002,0.046716861197018976,0.06138491937165715,0.0007889049476618513,-0.004519844316047067,0.014505297605916392,0.013358763219704146,-2.5987633338746066
